Workbook

Sheet TỔNG HỢP
A1: BẢNG TỔNG HỢP DỰ TOÁN
A2: Dự án: Nhà Máy Sản Xuất Công Ty ….
A3: Gói thầu: Thi Công Xây Dựng & Hệ Thống Cơ Điện, PCCC
A5: STT | B5: HẠNG MỤC THI CÔNG | C5: ĐVT | D5: KHỐI LƯỢNG | E5: ĐƠN GIÁ ( VNĐ) | F5: THÀNH TIỀN (VNĐ) | G5: GHI CHÚ
A7: A | B7: CÔNG TÁC CHUẨN BỊ | F7: =+SUBTOTAL(9,F8:F13) -> 0
A8: =MAX($A$5:$A7)+1 -> 1 | B8: Chi phí thiết lập công trường | C8: set | D8: 1 | F8: =D8*E8 -> 0
A9: =MAX($A$5:$A8)+1 -> 2 | B9: Chi phí quản lý và duy trì hoạt động công trường | C9: set | D9: 1 | F9: =D9*E9 -> 0
A10: =MAX($A$5:$A9)+1 -> 3 | B10: Chi phí an toàn lao động và hệ thống an ninh | C10: set | D10: 1 | F10: =D10*E10 -> 0
A11: =MAX($A$5:$A10)+1 -> 4 | B11: Chi phí mẫu vật liệu và thí nghiệm | C11: set | D11: 1 | F11: =D11*E11 -> 0 | G11: Đã bao gồm
A12: =MAX($A$5:$A11)+1 -> 5 | B12: Điều kiện hợp đồng | C12: set | D12: 1 | F12: =D12*E12 -> 0 | G12: Đã bao gồm
A13: =MAX($A$5:$A12)+1 -> 6 | B13: Chi phí phục vụ thi công | C13: set | D13: 1 | F13: =D13*E13 -> 0
A14: B | B14: CHI PHÍ XÂY DỰNG CÔNG TRÌNH | F14: =+SUBTOTAL(9,F15:F31) -> 0
A15: =MAX($A$5:$A14)+1 -> 7 | B15: Hạng mục: San lấp | C15: set | D15: 1 | F15: =D15*E15 -> 0
A16: =MAX($A$5:$A15)+1 -> 8 | B16: Hạng mục: cọc | C16: set | D16: 1 | F16: =D16*E16 -> 0 | G16: Xác định giá trị HM thực tế sau khi có kết quả thi công cọc thử
A17: =MAX($A$5:$A16)+1 -> 9 | B17: Hạng mục: Nhà xưởng | C17: set | D17: 1 | F17: =D17*E17 -> 0
A18: =MAX($A$5:$A17)+1 -> 10 | B18: Hạng mục: Nhà văn phòng | C18: set | D18: 1 | F18: =D18*E18 -> 0
A19: =MAX($A$5:$A18)+1 -> 11 | B19: Hạng mục: Nhà lò hơi - kho hóa chất - nhà rác | C19: set | D19: 1 | F19: =D19*E19 -> 0
A20: =MAX($A$5:$A19)+1 -> 12 | B20: Hạng mục: Nhà trạm điện | C20: set | D20: 1 | F20: =D20*E20 -> 0
A21: =MAX($A$5:$A20)+1 -> 13 | B21: Hạng mục: Nhà bảo vệ | C21: set | D21: 1 | F21: =D21*E21 -> 0
A22: =MAX($A$5:$A21)+1 -> 14 | B22: Hạng mục: Cổng và hàng rào | C22: set | D22: 1 | F22: =D22*E22 -> 0
A23: =MAX($A$5:$A22)+1 -> 15 | B23: Hạng mục: Bể nước PCCC | C23: set | D23: 1 | F23: =D23*E23 -> 0
A24: =MAX($A$5:$A23)+1 -> 16 | B24: Hạng mục: Bể XLNT | C24: set | D24: 1 | F24: =D24*E24 -> 0
A25: =MAX($A$5:$A24)+1 -> 17 | B25: Hạng mục: Hạ Tầng | C25: set | D25: 1 | F25: =D25*E25 -> 0
A26: =MAX($A$5:$A25)+1 -> 18 | B26: Hạng mục: Thoát nước mưa | C26: set | D26: 1 | F26: =D26*E26 -> 0
A27: =MAX($A$5:$A26)+1 -> 19 | B27: Hạng mục: Thoát nước thải | C27: set | D27: 1 | F27: =D27*E27 -> 0
A28: =MAX($A$5:$A27)+1 -> 20 | B28: Hạng mục: Điện + nước | C28: set | D28: 1 | F28: =D28*E28 -> 0
... A30: =MAX($A$5:$A29)+1 -> 22 | B30: Hạng mục: Thang tải hàng | C30: set | D30: 1 | F30: =D30*E30 -> 0
A32: TỔNG GIÁ TRỊ TRƯỚC THUẾ | F32: =+SUBTOTAL(9,F7:F31) -> 0 | G32: =F32/11000 -> 0
A33: THUẾ VAT 8% | F33: =8%*F32 -> 0
A34: TỔNG GIÁ TRỊ SAU THUẾ | F34: =F32+F33 -> 0
A36: Ghi chú:

Sheet CP chuẩn bị
A2: BẢNG CHI TIẾT KHỐI LƯỢNG CÔNG VIỆC
A3: ='TỔNG HỢP'!A2 -> Dự án: Nhà Máy Sản Xuất Công Ty ….
A4: ='[69]San lấp'!A3 -> Gói thầu: Thi Công Xây Dựng & Hệ Thống Cơ Điện, PCCC
A5: HẠNG MỤC : CÔNG TÁC CHUẨN BỊ
A7: Stt | B7: HẠNG MỤC THI CÔNG | C7: ĐVT | D7: KHỐI LƯỢNG | E7: ĐƠN GIÁ ( VNĐ) | F7: THÀNH TIỀN (VNĐ) | G7: GHI CHÚ
A9: I | B9: CHI PHÍ THIẾT LẬP CÔNG TRƯỜNG | F9: =+SUBTOTAL(9,F10:F23) -> 0
A10: 1 | B10: Đường tạm thi công | C10: m2 | D10: 250 | F10: =D10*E10 -> 0
A11: 2 | B11: Cầu rửa xe | C11: gói | D11: 1 | F11: =D11*E11 -> 0
A12: 3 | B12: Văn phòng (bao gồm nhà vệ sinh) | C12: tháng | D12: 6 | F12: =D12*E12 -> 0
A13: 5 | B13: Phòng họp (01 phòng) | C13: m2 | D13: 25 | F13: =D13*E13 -> 0
A14: 6 | B14: Thiết bị văn phòng | C14: gói | D14: 1 | F14: =D14*E14 -> 0
A15: 7 | B15: Nhà vệ sinh cho công nhân | C15: m2 | D15: 6 | F15: =D15*E15 -> 0
A16: 8 | B16: Hệ thống chống sét tạm thời | C16: gói | D16: 1 | F16: =D16*E16 -> 0
A17: 9 | B17: Hệ thống thoát nước mưa tạm thời | C17: gói | D17: 1 | F17: =D17*E17 -> 0
A18: 10 | B18: Hệ thống thoát nước thải tạm thời | C18: gói | D18: 1 | F18: =D18*E18 -> 0
A19: 11 | B19: Nhà bảo vệ tạm thời | C19: gói | D19: 1 | F19: =D19*E19 -> 0
A20: 12 | B20: Hàng rào tạm thời cao 2m | C20: m2 | D20: =(180+80)*2 -> 520 | F20: =D20*E20 -> 0 | G20: làm 2 mặt giáp đường
A21: 13 | B21: Bảng hiệu + khung cổng công trường | C21: gói | D21: 1 | F21: =D21*E21 -> 0
A22: 14 | B22: Lán trại công nhân và kho vật tư | C22: m2 | D22: 55 | F22: =D22*E22 -> 0
A23: 15 | B23: Lễ khởi công | C23: gói | D23: 1 | F23: =D23*E23 -> 0
A24: II | B24: CHI PHÍ QUẢN LÝ VÀ DUY TRÌ HOẠT ĐỘNG CÔNG TRƯỜNG | F24: =+SUBTOTAL(9,F25:F33) -> 0
A25: 1 | B25: Chi phí điện thi công | C25: tháng | D25: 7 | F25: =D25*E25 -> 0
A26: 2 | B26: Chi phí nước thi công | C26: tháng | D26: 7 | F26: =D26*E26 -> 0
A27: 3 | B27: Chiếu sáng cho công trình | C27: tháng | D27: 7 | F27: =D27*E27 -> 0
A28: 4 | B28: Chi phí kết nối điện thoại, internet cho văn phòng của Chủ đầu tư và Nhà thầu | C28: tháng | D28: 7 | F28: =D28*E28 -> 0
A29: 5 | B29: Chi phí phòng phẩm | C29: tháng | D29: 7 | F29: =D29*E29 -> 0
A30: 6 | B30: Chi phi quản lý tại công trường | C30: tháng | F30: =D30*E30 -> 0 | G30: Đã bao gồm
A31: 7 | B31: Chi phí bản vẽ hoàn công | C31: gói | F31: =D31*E31 -> 0 | G31: Đã bao gồm
A32: 8 | B32: Công tác khảo sát trắc đạc toàn Nhà máy | C32: gói | D32: 1 | F32: =D32*E32 -> 0
A33: 9 | B33: Chi phí khác thuộc công trường | C33: gói | D33: 1 | F33: =D33*E33 -> 0
A34: III | B34: CHI PHÍ AN TOÀN LAO ĐỘNG VÀ HỆ THỐNG AN NINH | F34: =+SUBTOTAL(9,F35:F41) -> 0
A35: 1 | B35: Chi phí Tiện ích sơ cấp cứu | C35: gói | D35: 1 | F35: =D35*E35 -> 0
A36: 2 | B36: Chi phí thiết bị an toàn, lưới và biển báo cho tất cả các hoạt động thi công, huấn luyện an toàn định kỳ, giám sát an toàn độc lập | C36: gói | F36: =D36*E36 -> 0 | G36: Đã bao gồm
A37: 3 | B37: Chi phí đồ bảo hộ cho công nhân, nhân viên quản lý của Nhà thầu | C37: gói | D37: 1 | F37: =D37*E37 -> 0
A38: 4 | B38: Chi phí các dịch vụ an ninh trong công trường | C38: gói | D38: 1 | F38: =D38*E38 -> 0
A39: 5 | B39: Chi phí các thiết bị phòng hộ và chống cháy | C39: gói | D39: 1 | F39: =D39*E39 -> 0
A40: 6 | B40: Chi phí vệ sinh công trường và bảo vệ môi trường bao gồm chi phí xả thải trong thời gian thi công | C40: gói | D40: 1 | F40: =D40*E40 -> 0
A41: 7 | B41: Vệ sinh bàn giao dự án | C41: gói | D41: 1 | G41: Đã bao gồm
A42: IV | B42: CHI PHÍ MẪU VẬT LIỆU VÀ THÍ NGHIỆM | F42: =+SUBTOTAL(9,F43:F45) -> 0
A43: 1 | B43: Chi phí lấy mẫu vật liệu bê tông để đệ trình và chi phí để thử nghiệm và đệ trình chứng nhận thử nghiệm | C43: gói | F43: =D43*E43 -> 0 | G43: Đã bao gồm
A44: 2 | B44: Chi phí lấy mẫu vật liệu thép để đệ trình và chi phí để thử nghiệm và đệ trình chứng nhận thử nghiệm | C44: gói | F44: =D44*E44 -> 0 | G44: Đã bao gồm
A45: 3 | B45: Chi phí lấy mẫu vật liệu khác để đệ trình và chi phí để thử nghiệm và đệ trình chứng nhận thử nghiệm | C45: gói | F45: =D45*E45 -> 0 | G45: Đã bao gồm
A46: V | B46: ĐIỀU KIỆN HỢP ĐỒNG | F46: =+SUBTOTAL(9,F47:F50) -> 0
A47: 1 | B47: Bảo hiểm rủi ro công trình và bảo hiểm bên thứ 3 | C47: gói | F47: =D47*E47 -> 0 | G47: Đã bao gồm
A48: 2 | B48: Bảo hiểm công nhân | C48: gói | F48: =D48*E48 -> 0 | G48: Đã bao gồm
A49: 3 | B49: Bảo lãnh thực hiện hợp đồng | C49: gói | F49: =D49*E49 -> 0 | G49: Đã bao gồm
A50: 4 | B50: Bảo lãnh bảo hành | C50: gói | F50: =D50*E50 -> 0 | G50: Đã bao gồm
A51: VI | B51: CHI PHÍ PHỤC VỤ THI CÔNG | F51: =+SUBTOTAL(9,F52:F55) -> 0
A52: 1 | B52: Chi phí thẩm tra biện pháp thi công | C52: gói | F52: =D52*E52 -> 0 | G52: Đã bao gồm
A53: 2 | B53: Vận thăng đơn | C53: tháng | D53: 7 | F53: =D53*E53 -> 0
A54: 3 | B54: Cẩu tháp | C54: tháng | D54: 7 | F54: =D54*E54 -> 0
A55: 4 | B55: Chi phí hoàn công, nghiệm thu công trình | C55: gói | D55: 1 | F55: =D55*E55 -> 0
A56: TỔNG GIÁ TRỊ TRƯỚC THUẾ | F56: =+SUBTOTAL(9,F9:F55) -> 0

Sheet San lấp
A1: BẢNG KHỐI LƯỢNG MỜI THẦU
A2: ='TỔNG HỢP'!A2 -> Dự án: Nhà Máy Sản Xuất Công Ty ….
A3: Gói thầu: Thi Công Xây Dựng & Hệ Thống Cơ Điện, PCCC
A4: Hạng mục: SAN LẤP VÀ CHUẨN BỊ MẶT BẰNG
A8: STT | B8: NỘI DUNG CÔNG VIỆC | C8: ĐVT | D8: KHỐI LƯỢNG | E8: ĐƠN GIÁ | G8: THÀNH TIỀN | J8: GHI CHÚ
E9: Vật Tư | F9: NC&MTC | G9: =+E9 -> Vật Tư | H9: =+F9 -> NC&MTC | I9: Tổng
B10: SAN LẤP
A11: 1 | B11: Cắt cây, ủi cỏ, ban gạt mặt bằng và vận chuyển ra khỏi công trình | C11: m² | D11: 11000 | G11: =+D11*E11 -> 0 | H11: =+D11*F11 -> 0 | I11: =+SUM(G11:H11) -> 0 | J11: Bao gồm xử lí gốc rễ cây (nếu có)
A12: 2 | B12: San lấp đất độ chặt k =0.9 | C12: m³ | D12: =D11*0.4*1.35 -> 5940 | G12: =+D12*E12 -> 0 | H12: =+D12*F12 -> 0 | I12: =+SUM(G12:H12) -> 0 | J12: Dự kiến Nâng nền lên 400mm
B14: CỘNG GIÁ TRỊ TRƯỚC THUẾ | G14: =+SUBTOTAL(9,G10:G13) -> 0 | H14: =+SUBTOTAL(9,H10:H13) -> 0 | I14: =+SUBTOTAL(9,I10:I13) -> 0

Sheet Cọc
A1: BẢNG KHỐI LƯỢNG MỜI THẦU
A2: ='San lấp'!A2 -> Dự án: Nhà Máy Sản Xuất Công Ty ….
A3: Gói thầu: Thi Công Xây Dựng & Hệ Thống Cơ Điện, PCCC
A4: HẠNG MỤC : CỌC BÊ TÔNG LY TÂM PHC & THỬ TĨNH
A6: STT | B6: NỘI DUNG CÔNG VIỆC | C6: ĐVT | D6: SL | E6: DÀI | F6: KHỐI LƯỢNG | G6: ĐƠN GIÁ | I6: THÀNH TIỀN | L6: GHI CHÚ
D7: SL | E7: Dài | G7: Vật tư | H7: NC&MTC | I7: =G7 -> Vật tư | J7: =H7 -> NC&MTC | K7: Tổng
B8: THI CÔNG CỌC THỬ
A9: =MAX($A$7:A8)+1 -> 1 | B9: Cung cấp và thi công cọc thử D300 | C9: tim | F9: 2 | I9: =+F9*G9 -> 0 | J9: =+F9*H9 -> 0 | K9: =+SUM(I9:J9) -> 0
A10: =MAX($A$7:A9)+1 -> 2 | B10: Cung cấp và thi công cọc thử D400 | C10: tim | F10: 2 | I10: =+F10*G10 -> 0 | J10: =+F10*H10 -> 0 | K10: =+SUM(I10:J10) -> 0
A11: =MAX($A$7:A10)+1 -> 3 | B11: Thử tĩnh cọc D300 Pmax=120 tấn và báo cáo kết quả | C11: tim | F11: =F9 -> 2 | I11: =+F11*G11 -> 0 | J11: =+F11*H11 -> 0 | K11: =+SUM(I11:J11) -> 0
A12: =MAX($A$7:A11)+1 -> 4 | B12: Thử tĩnh cọc D400 Pmax=240 tấn và báo cáo kết quả | C12: tim | F12: =F10 -> 2 | I12: =+F12*G12 -> 0 | J12: =+F12*H12 -> 0 | K12: =+SUM(I12:J12) -> 0
B14: THI CÔNG CỌC ĐẠI TRÀ
A15: 1 | B15: Cung cấp và thi công cọc đại trà D300 | C15: md | F15: =SUBTOTAL(9,F16:F17) -> 1254 | I15: =+F15*G15 -> 0 | J15: =+F15*H15 -> 0 | K15: =+SUM(I15:J15) -> 0
B16: Xưởng | D16: =27-2 -> 25 | E16: 22 | F16: =PRODUCT(D16:E16) -> 550
B17: Lò hơi | D17: 32 | E17: 22 | F17: =PRODUCT(D17:E17) -> 704
A18: =MAX($A$14:A15)+1 -> 2 | B18: Cung cấp và thi công cọc đại trà D400 | C18: md | F18: =SUBTOTAL(9,F19:F21) -> 5850 | I18: =+F18*G18 -> 0 | J18: =+F18*H18 -> 0 | K18: =+SUM(I18:J18) -> 0
B19: Xưởng | D19: =183-2 -> 181 | E19: 26 | F19: =PRODUCT(D19:E19) -> 4706
B20: NVP | D20: 34 | E20: 26 | F20: =PRODUCT(D20:E20) -> 884
B21: Lò hơi | D21: 10 | E21: 26 | F21: =PRODUCT(D21:E21) -> 260
A22: =MAX($A$14:A18)+1 -> 3 | B22: Cẩu hạ cọc, trắc đạc | C22: md | F22: =F15+F18 -> 7104 | I22: =+F22*G22 -> 0 | J22: =+F22*H22 -> 0 | K22: =+SUM(I22:J22) -> 0
A23: =MAX($A$14:A22)+1 -> 4 | B23: Nối cọc D300 | C23: Mối nối | F23: =(F9+D16+D17)*2 -> 118 | I23: =+F23*G23 -> 0 | J23: =+F23*H23 -> 0 | K23: =+SUM(I23:J23) -> 0 | L23: bao gồm
A24: =MAX($A$14:A23)+1 -> 5 | B24: Nối cọc D400 | C24: Mối nối | F24: =(F10+D19+D20+D21)*2 -> 454 | I24: =+F24*G24 -> 0 | J24: =+F24*H24 -> 0 | K24: =+SUM(I24:J24) -> 0 | L24: bao gồm
A25: =MAX($A$14:A24)+1 -> 6 | B25: Máy phát (phục vụ thi công) | C25: md | F25: =F22 -> 7104 | I25: =+F25*G25 -> 0 | J25: =+F25*H25 -> 0 | K25: =+SUM(I25:J25) -> 0
A26: =MAX($A$14:A25)+1 -> 7 | B26: Huy động và giải thể thiết bị ép cọc | C26: lot | F26: 1 | I26: =+F26*G26 -> 0 | J26: =+F26*H26 -> 0 | K26: =+SUM(I26:J26) -> 0
B28: CỘNG GIÁ TRỊ TRƯỚC THUẾ | I28: =+SUBTOTAL(9,I8:I27) -> 0 | J28: =+SUBTOTAL(9,J8:J27) -> 0 | K28: =+SUBTOTAL(9,K8:K27) -> 0

Sheet Xưởng
A1: BẢNG KHỐI LƯỢNG MỜI THẦU
A2: =Cọc!A2 -> Dự án: Nhà Máy Sản Xuất Công Ty ….
A3: Gói thầu: Thi Công Xây Dựng & Hệ Thống Cơ Điện, PCCC
A4: HẠNG MỤC: NHÀ XƯỞNG
A6: STT | B6: NỘI DUNG CÔNG VIỆC | C6: ĐVT | D6: SL | E6: Dài | F6: Rộng | G6: Cao | H6: K. lượng | I6: Đơn giá (VNĐ) | K6: Thành tiền (VNĐ) | M6: Tổng cộng (VNĐ) | N6: Ghi chú
I7: Vật tư | J7: NC&MTC | K7: Vật tư | L7: NC&MTC
B9: Công tác đất và xử lí đầu cọc | K9: =+SUBTOTAL(9,K10:K78) -> 0 | L9: =+SUBTOTAL(9,L10:L78) -> 0 | M9: =+SUBTOTAL(9,M10:M78) -> 0
A10: 1 | B10: Đào đất | C10: m³ | H10: =SUM(H11:H38) -> 1311.518 | K10: =H10*I10 -> 0 | L10: =+H10*J10 -> 0 | M10: =+SUM(K10:L10) -> 0
B11: F1 | D11: 3 | E11: 2.1 | F11: 0.9 | G11: 2.35 | H11: =G11*(F11+0.3)*(E11+0.3)*D11*1.3 -> 26.3952 | K11: =H11*I11 -> 0 | L11: =+H11*J11 -> 0 | M11: =+SUM(K11:L11) -> 0
B12: F1A | D12: 1 | E12: 2.1 | F12: 1.15 | G12: 2.35 | H12: =G12*(F12+0.3)*(E12+0.3)*D12*1.3 -> 10.6314 | K12: =H12*I12 -> 0 | L12: =+H12*J12 -> 0 | M12: =+SUM(K12:L12) -> 0
B13: F2,F2A,F3,F3A | D13: =2+1+8+8 -> 19 | E13: 2.1 | F13: 0.9 | G13: 2.35 | H13: =G13*(F13+0.3)*(E13+0.3)*D13*1.3 -> 167.1696 | K13: =H13*I13 -> 0 | L13: =+H13*J13 -> 0 | M13: =+SUM(K13:L13) -> 0
B14: F4,F4A,F5 | D14: =16+6+6 -> 28 | E14: 2.1 | F14: 2.1 | G14: 2.35 | H14: =G14*(F14+0.3)*(E14+0.3)*D14*1.3 -> 492.7104 | K14: =H14*I14 -> 0 | L14: =+H14*J14 -> 0 | M14: =+SUM(K14:L14) -> 0
B15: F6A,F6B | D15: 3 | E15: 2.1 | F15: 1.95 | G15: 2.35 | H15: =G15*(F15+0.3)*(E15+0.3)*D15*1.3 -> 49.491 | K15: =H15*I15 -> 0 | L15: =+H15*J15 -> 0 | M15: =+SUM(K15:L15) -> 0
B16: F7 | D16: 2 | E16: 0.8 | F16: 0.8 | G16: 2.35 | H16: =G16*(F16+0.3)*(E16+0.3)*D16*1.3 -> 7.3931 | K16: =H16*I16 -> 0 | L16: =+H16*J16 -> 0 | M16: =+SUM(K16:L16) -> 0
B17: FTM-1 | D17: 1 | E17: 5.55 | F17: 4.65 | G17: 2.9 | H17: =G17*(F17+0.3)*(E17+0.3)*D17*1.3 -> 109.16978 | K17: =H17*I17 -> 0 | L17: =+H17*J17 -> 0 | M17: =+SUM(K17:L17) -> 0
B18: FTM-2 | D18: 1 | E18: 4.15 | F18: 5.55 | G18: 2.9 | H18: =G18*(F18+0.3)*(E18+0.3)*D18*1.3 -> 98.142525 | K18: =H18*I18 -> 0 | L18: =+H18*J18 -> 0 | M18: =+SUM(K18:L18) -> 0
B19: FTM-3 | D19: 1 | E19: 3.8 | F19: 4.8 | G19: 2.9 | H19: =G19*(F19+0.3)*(E19+0.3)*D19*1.3 -> 78.8307 | K19: =H19*I19 -> 0 | L19: =+H19*J19 -> 0 | M19: =+SUM(K19:L19) -> 0
B20: 1X1B1,2 | D20: 1 | E20: =67+32+66.8 -> 165.8 | F20: 0.2 | G20: 0.9 | H20: =G20*(F20+0.3)*(E20+0.3)*D20*1.3 -> 97.1685 | K20: =H20*I20 -> 0 | L20: =+H20*J20 -> 0 | M20: =+SUM(K20:L20) -> 0
B21: 1X1B3 | D21: 1 | E21: 1.4 | F21: 0.2 | G21: 0.4 | H21: =G21*(F21+0.3)*(E21+0.3)*D21*1.3 -> 0.442 | K21: =H21*I21 -> 0 | L21: =+H21*J21 -> 0 | M21: =+SUM(K21:L21) -> 0
B22: 1XB4 | D22: 1 | E22: =9.4*2 -> 18.8 | F22: 0.2 | G22: 0.9 | H22: =G22*(F22+0.3)*(E22+0.3)*D22*1.3 -> 11.1735 | K22: =H22*I22 -> 0 | L22: =+H22*J22 -> 0 | M22: =+SUM(K22:L22) -> 0
B23: 1XB5 | D23: 1 | E23: =3.4*2 -> 6.8 | F23: 0.2 | G23: 0.4 | H23: =G23*(F23+0.3)*(E23+0.3)*D23*1.3 -> 1.846 | K23: =H23*I23 -> 0 | L23: =+H23*J23 -> 0 | M23: =+SUM(K23:L23) -> 0
B24: 1XB6 | D24: 1 | E24: 1.8 | F24: 0.2 | G24: 0.4 | H24: =G24*(F24+0.3)*(E24+0.3)*D24*1.3 -> 0.546 | K24: =H24*I24 -> 0 | L24: =+H24*J24 -> 0 | M24: =+SUM(K24:L24) -> 0
B25: 1XB7 | D25: 1 | E25: 14 | F25: 0.2 | G25: 0.6 | H25: =G25*(F25+0.3)*(E25+0.3)*D25*1.3 -> 5.577 | K25: =H25*I25 -> 0 | L25: =+H25*J25 -> 0 | M25: =+SUM(K25:L25) -> 0
B26: 1XB8 | D26: 1 | E26: 3 | F26: 0.1 | G26: 0.4 | H26: =G26*(F26+0.3)*(E26+0.3)*D26*1.3 -> 0.6864 | K26: =H26*I26 -> 0 | L26: =+H26*J26 -> 0 | M26: =+SUM(K26:L26) -> 0
B27: 1XB9 | D27: 1 | E27: 3 | F27: 0.1 | G27: 0.4 | H27: =G27*(F27+0.3)*(E27+0.3)*D27*1.3 -> 0.6864 | K27: =H27*I27 -> 0 | L27: =+H27*J27 -> 0 | M27: =+SUM(K27:L27) -> 0
B28: 1XB10 | D28: 1 | E28: 3 | F28: 0.1 | G28: 0.4 | H28: =G28*(F28+0.3)*(E28+0.3)*D28*1.3 -> 0.6864 | K28: =H28*I28 -> 0 | L28: =+H28*J28 -> 0 | M28: =+SUM(K28:L28) -> 0
B29: 1XB11 | D29: 1 | E29: 1.4 | F29: 0.2 | G29: 0.4 | H29: =G29*(F29+0.3)*(E29+0.3)*D29*1.3 -> 0.442 | K29: =H29*I29 -> 0 | L29: =+H29*J29 -> 0 | M29: =+SUM(K29:L29) -> 0
B30: 1XB12 | D30: 1 | E30: 9.4 | F30: 0.2 | G30: 0.6 | H30: =G30*(F30+0.3)*(E30+0.3)*D30*1.3 -> 3.783 | K30: =H30*I30 -> 0 | L30: =+H30*J30 -> 0 | M30: =+SUM(K30:L30) -> 0
B31: 1YB1,B2,B3 | D31: 1 | E31: =80*2+6 -> 166 | F31: 0.2 | G31: 0.9 | H31: =G31*(F31+0.3)*(E31+0.3)*D31*1.3 -> 97.2855 | K31: =H31*I31 -> 0 | L31: =+H31*J31 -> 0 | M31: =+SUM(K31:L31) -> 0
B32: 1YB4 | D32: 1 | E32: 5 | F32: 0.1 | G32: 0.6 | H32: =G32*(F32+0.3)*(E32+0.3)*D32*1.3 -> 1.6536 | K32: =H32*I32 -> 0 | L32: =+H32*J32 -> 0 | M32: =+SUM(K32:L32) -> 0
B33: 1YB5 | D33: 1 | E33: 20 | F33: 0.2 | G33: 0.9 | H33: =G33*(F33+0.3)*(E33+0.3)*D33*1.3 -> 11.8755 | K33: =H33*I33 -> 0 | L33: =+H33*J33 -> 0 | M33: =+SUM(K33:L33) -> 0
B34: 1YB6 | D34: 1 | E34: 5 | F34: 0.2 | G34: 0.6 | H34: =G34*(F34+0.3)*(E34+0.3)*D34*1.3 -> 2.067 | K34: =H34*I34 -> 0 | L34: =+H34*J34 -> 0 | M34: =+SUM(K34:L34) -> 0
B35: 1YB7 | D35: 1 | E35: 14 | F35: 0.2 | G35: 0.9 | H35: =G35*(F35+0.3)*(E35+0.3)*D35*1.3 -> 8.3655 | K35: =H35*I35 -> 0 | L35: =+H35*J35 -> 0 | M35: =+SUM(K35:L35) -> 0
B36: 1YB8,8A | D36: 2 | E36: 12 | F36: 0.2 | G36: 0.9 | H36: =G36*(F36+0.3)*(E36+0.3)*D36*1.3 -> 14.391 | K36: =H36*I36 -> 0 | L36: =+H36*J36 -> 0 | M36: =+SUM(K36:L36) -> 0
B37: 1B19,10 | D37: 3 | E37: 5 | F37: 0.2 | G37: 0.6 | H37: =G37*(F37+0.3)*(E37+0.3)*D37*1.3 -> 6.201 | K37: =H37*I37 -> 0 | L37: =+H37*J37 -> 0 | M37: =+SUM(K37:L37) -> 0
B38: 1B12,1314 | D38: 4 | E38: 4 | F38: 0.2 | G38: 0.6 | H38: =G38*(F38+0.3)*(E38+0.3)*D38*1.3 -> 6.708 | K38: =H38*I38 -> 0 | L38: =+H38*J38 -> 0 | M38: =+SUM(K38:L38) -> 0
K39: =H39*I39 -> 0 | L39: =+H39*J39 -> 0 | M39: =+SUM(K39:L39) -> 0
A40: 2 | B40: Chỉnh sửa, ban gạt và đầm nền đất trước khi thi công công tác bê tông lót (hố móng, đà kiềng, hố pit) | C40: m2 | H40: =SUM(H41:H69) -> 5971.57 | K40: =H40*I40 -> 0 | L40: =+H40*J40 -> 0 | M40: =+SUM(K40:L40) -> 0
B41: F1 | D41: 3 | E41: 2.1 | F41: 0.9 | H41: =D41*(F41+0.3)*(E41+0.3) -> 8.64 | K41: =H41*I41 -> 0 | L41: =+H41*J41 -> 0 | M41: =+SUM(K41:L41) -> 0
B42: F1A | D42: 1 | E42: 2.1 | F42: 1.15 | H42: =D42*(F42+0.3)*(E42+0.3) -> 3.48 | K42: =H42*I42 -> 0 | L42: =+H42*J42 -> 0 | M42: =+SUM(K42:L42) -> 0
B43: F2,F2A,F3,F3A | D43: =2+1+8+8 -> 19 | E43: 2.1 | F43: 0.9 | H43: =D43*(F43+0.3)*(E43+0.3) -> 54.72 | K43: =H43*I43 -> 0 | L43: =+H43*J43 -> 0 | M43: =+SUM(K43:L43) -> 0
B44: F4,F4A,F5 | D44: =16+6+6 -> 28 | E44: 2.1 | F44: 2.1 | H44: =D44*(F44+0.3)*(E44+0.3) -> 161.28 | K44: =H44*I44 -> 0 | L44: =+H44*J44 -> 0 | M44: =+SUM(K44:L44) -> 0
B45: F6A,F6B | D45: 3 | E45: 2.1 | F45: 1.95 | H45: =D45*(F45+0.3)*(E45+0.3) -> 16.2 | K45: =H45*I45 -> 0 | L45: =+H45*J45 -> 0 | M45: =+SUM(K45:L45) -> 0
B46: F7 | D46: 2 | E46: 0.8 | F46: 0.8 | H46: =D46*(F46+0.3)*(E46+0.3) -> 2.42 | K46: =H46*I46 -> 0 | L46: =+H46*J46 -> 0 | M46: =+SUM(K46:L46) -> 0
B47: FTM-1 | D47: 1 | E47: 5.55 | F47: 4.65 | H47: =D47*(F47+0.3)*(E47+0.3) -> 28.9575 | K47: =H47*I47 -> 0 | L47: =+H47*J47 -> 0 | M47: =+SUM(K47:L47) -> 0
B48: FTM-2 | D48: 1 | E48: 4.15 | F48: 5.55 | H48: =D48*(F48+0.3)*(E48+0.3) -> 26.0325 | K48: =H48*I48 -> 0 | L48: =+H48*J48 -> 0 | M48: =+SUM(K48:L48) -> 0
B49: FTM-3 | D49: 1 | E49: 3.8 | F49: 4.8 | H49: =D49*(F49+0.3)*(E49+0.3) -> 20.91 | K49: =H49*I49 -> 0 | L49: =+H49*J49 -> 0 | M49: =+SUM(K49:L49) -> 0
B50: 1X1B1,2 | D50: 1 | E50: =67+32+66.8 -> 165.8 | F50: 0.2 | H50: =D50*(F50+0.3)*(E50+0.3) -> 83.05 | K50: =H50*I50 -> 0 | L50: =+H50*J50 -> 0 | M50: =+SUM(K50:L50) -> 0
B51: 1X1B3 | D51: 1 | E51: 1.4 | F51: 0.2 | H51: =D51*(F51+0.3)*(E51+0.3) -> 0.85 | K51: =H51*I51 -> 0 | L51: =+H51*J51 -> 0 | M51: =+SUM(K51:L51) -> 0
B52: 1XB4 | D52: 1 | E52: =9.4*2 -> 18.8 | F52: 0.2 | H52: =D52*(F52+0.3)*(E52+0.3) -> 9.55 | K52: =H52*I52 -> 0 | L52: =+H52*J52 -> 0 | M52: =+SUM(K52:L52) -> 0
B53: 1XB5 | D53: 1 | E53: =3.4*2 -> 6.8 | F53: 0.2 | H53: =D53*(F53+0.3)*(E53+0.3) -> 3.55 | K53: =H53*I53 -> 0 | L53: =+H53*J53 -> 0 | M53: =+SUM(K53:L53) -> 0
B54: 1XB6 | D54: 1 | E54: 1.8 | F54: 0.2 | H54: =D54*(F54+0.3)*(E54+0.3) -> 1.05 | K54: =H54*I54 -> 0 | L54: =+H54*J54 -> 0 | M54: =+SUM(K54:L54) -> 0
B55: 1XB7 | D55: 1 | E55: 14 | F55: 0.2 | H55: =D55*(F55+0.3)*(E55+0.3) -> 7.15 | K55: =H55*I55 -> 0 | L55: =+H55*J55 -> 0 | M55: =+SUM(K55:L55) -> 0
B56: 1XB8 | D56: 1 | E56: 3 | F56: 0.1 | H56: =D56*(F56+0.3)*(E56+0.3) -> 1.32 | K56: =H56*I56 -> 0 | L56: =+H56*J56 -> 0 | M56: =+SUM(K56:L56) -> 0
B57: 1XB9 | D57: 1 | E57: 3 | F57: 0.1 | H57: =D57*(F57+0.3)*(E57+0.3) -> 1.32 | K57: =H57*I57 -> 0 | L57: =+H57*J57 -> 0 | M57: =+SUM(K57:L57) -> 0
B58: 1XB10 | D58: 1 | E58: 3 | F58: 0.1 | H58: =D58*(F58+0.3)*(E58+0.3) -> 1.32 | K58: =H58*I58 -> 0 | L58: =+H58*J58 -> 0 | M58: =+SUM(K58:L58) -> 0
B59: 1XB11 | D59: 1 | E59: 1.4 | F59: 0.2 | H59: =D59*(F59+0.3)*(E59+0.3) -> 0.85 | K59: =H59*I59 -> 0 | L59: =+H59*J59 -> 0 | M59: =+SUM(K59:L59) -> 0
B60: 1XB12 | D60: 1 | E60: 9.4 | F60: 0.2 | H60: =D60*(F60+0.3)*(E60+0.3) -> 4.85 | K60: =H60*I60 -> 0 | L60: =+H60*J60 -> 0 | M60: =+SUM(K60:L60) -> 0
B61: 1YB1,B2,B3 | D61: 1 | E61: =80*2+6 -> 166 | F61: 0.2 | H61: =D61*(F61+0.3)*(E61+0.3) -> 83.15 | K61: =H61*I61 -> 0 | L61: =+H61*J61 -> 0 | M61: =+SUM(K61:L61) -> 0
B62: 1YB4 | D62: 1 | E62: 5 | F62: 0.1 | H62: =D62*(F62+0.3)*(E62+0.3) -> 2.12 | K62: =H62*I62 -> 0 | L62: =+H62*J62 -> 0 | M62: =+SUM(K62:L62) -> 0
B63: 1YB5 | D63: 1 | E63: 20 | F63: 0.2 | H63: =D63*(F63+0.3)*(E63+0.3) -> 10.15 | K63: =H63*I63 -> 0 | L63: =+H63*J63 -> 0 | M63: =+SUM(K63:L63) -> 0
B64: 1YB6 | D64: 1 | E64: 5 | F64: 0.2 | H64: =D64*(F64+0.3)*(E64+0.3) -> 2.65 | K64: =H64*I64 -> 0 | L64: =+H64*J64 -> 0 | M64: =+SUM(K64:L64) -> 0
B65: 1YB7 | D65: 1 | E65: 14 | F65: 0.2 | H65: =D65*(F65+0.3)*(E65+0.3) -> 7.15 | K65: =H65*I65 -> 0 | L65: =+H65*J65 -> 0 | M65: =+SUM(K65:L65) -> 0
B66: 1YB8,8A | D66: 2 | E66: 12 | F66: 0.2 | H66: =D66*(F66+0.3)*(E66+0.3) -> 12.3 | K66: =H66*I66 -> 0 | L66: =+H66*J66 -> 0 | M66: =+SUM(K66:L66) -> 0
B67: 1B19,10 | D67: 3 | E67: 5 | F67: 0.2 | H67: =D67*(F67+0.3)*(E67+0.3) -> 7.95 | K67: =H67*I67 -> 0 | L67: =+H67*J67 -> 0 | M67: =+SUM(K67:L67) -> 0
B68: 1B12,1314 | D68: 4 | E68: 4 | F68: 0.2 | H68: =D68*(F68+0.3)*(E68+0.3) -> 8.6 | K68: =H68*I68 -> 0 | L68: =+H68*J68 -> 0 | M68: =+SUM(K68:L68) -> 0
B69: Nền nhà xưởng | H69: 5400 | K69: =H69*I69 -> 0 | L69: =+H69*J69 -> 0 | M69: =+SUM(K69:L69) -> 0
A70: 3 | B70: Cắt đầu cọc D300 | C70: đầu cọc | H70: 183 | K70: =H70*I70 -> 0 | L70: =+H70*J70 -> 0 | M70: =+SUM(K70:L70) -> 0
A71: 4 | B71: Cắt đầu cọc D400 | C71: đầu cọc | H71: 27 | K71: =H71*I71 -> 0 | L71: =+H71*J71 -> 0 | M71: =+SUM(K71:L71) -> 0
A72: 5 | B72: Vận chuyển đầu cọc | C72: đầu cọc | H72: =H70+H71 -> 210 | K72: =H72*I72 -> 0 | L72: =+H72*J72 -> 0 | M72: =+SUM(K72:L72) -> 0
A73: 6 | B73: Gia công lắp đặt kết nối đầu cọc D300 (bao gồm thép tấm, cốt thép và bê tông đầu cọc) | C73: đầu cọc | H73: =H70 -> 183 | K73: =H73*I73 -> 0 | L73: =+H73*J73 -> 0 | M73: =+SUM(K73:L73) -> 0
A74: 7 | B74: Gia công lắp đặt kết nối đầu cọc D400 (bao gồm thép tấm, cốt thép và bê tông đầu cọc) | C74: đầu cọc | H74: =H71 -> 27 | K74: =H74*I74 -> 0 | L74: =+H74*J74 -> 0 | M74: =+SUM(K74:L74) -> 0
A75: 8 | B75: Đắp đất hố móng | C75: m³ | H75: =H10-H198-H228-H251 -> 975.0972 | K75: =H75*I75 -> 0 | L75: =+H75*J75 -> 0 | M75: =+SUM(K75:L75) -> 0
A76: 9 | B76: Cân bằng đào đắp và vận chuyển đất dư | C76: m³ | H76: =H10-H75 -> 336.4208 | K76: =H76*I76 -> 0 | L76: =+H76*J76 -> 0 | M76: =+SUM(K76:L76) -> 0
A77: 10 | B77: Công tác chống mối | C77: m² | H77: =E289 -> 5442 | K77: =H77*I77 -> 0 | L77: =+H77*J77 -> 0 | M77: =+SUM(K77:L77) -> 0
B79: Công tác ván khuôn | K79: =+SUBTOTAL(9,K80:K185) -> 0 | L79: =+SUBTOTAL(9,L80:L185) -> 0 | M79: =+SUBTOTAL(9,M80:M185) -> 0
A80: 11 | B80: Công tác ván khuôn lót móng, đà kiềng, đáy hố pit | C80: m² | H80: =SUM(H81:H108) -> 152.46 | K80: =H80*I80 -> 0 | L80: =+H80*J80 -> 0 | M80: =+SUM(K80:L80) -> 0
B81: F1 | D81: 3 | E81: 2.1 | F81: 0.9 | G81: 0.1 | H81: =D81*((E81+0.2)+(F81+0.2))*2*G81 -> 2.04 | K81: =H81*I81 -> 0 | L81: =+H81*J81 -> 0 | M81: =+SUM(K81:L81) -> 0
B82: F1A | D82: 1 | E82: 2.1 | F82: 1.15 | G82: 0.1 | H82: =D82*((E82+0.2)+(F82+0.2))*2*G82 -> 0.73 | K82: =H82*I82 -> 0 | L82: =+H82*J82 -> 0 | M82: =+SUM(K82:L82) -> 0
B83: F2,F2A,F3,F3A | D83: =2+1+8+8 -> 19 | E83: 2.1 | F83: 0.9 | G83: 0.1 | H83: =D83*((E83+0.2)+(F83+0.2))*2*G83 -> 12.92 | K83: =H83*I83 -> 0 | L83: =+H83*J83 -> 0 | M83: =+SUM(K83:L83) -> 0
B84: F4,F4A,F5 | D84: =16+6+6 -> 28 | E84: 2.1 | F84: 2.1 | G84: 0.1 | H84: =D84*((E84+0.2)+(F84+0.2))*2*G84 -> 25.76 | K84: =H84*I84 -> 0 | L84: =+H84*J84 -> 0 | M84: =+SUM(K84:L84) -> 0
B85: F6A,F6B | D85: 3 | E85: 2.1 | F85: 1.95 | G85: 0.1 | H85: =D85*((E85+0.2)+(F85+0.2))*2*G85 -> 2.67 | K85: =H85*I85 -> 0 | L85: =+H85*J85 -> 0 | M85: =+SUM(K85:L85) -> 0
B86: F7 | D86: 2 | E86: 0.8 | F86: 0.8 | G86: 0.1 | H86: =D86*((E86+0.2)+(F86+0.2))*2*G86 -> 0.8 | K86: =H86*I86 -> 0 | L86: =+H86*J86 -> 0 | M86: =+SUM(K86:L86) -> 0
B87: 1X1B1,2 | D87: 1 | E87: =67+32+66.8 -> 165.8 | F87: 0.2 | G87: 0.1 | H87: =D87*((E87+0.2)+(F87+0.2))*2*G87 -> 33.28 | K87: =H87*I87 -> 0 | L87: =+H87*J87 -> 0 | M87: =+SUM(K87:L87) -> 0
B88: 1X1B3 | D88: 1 | E88: 1.4 | F88: 0.2 | G88: 0.1 | H88: =D88*((E88+0.2)+(F88+0.2))*2*G88 -> 0.4 | K88: =H88*I88 -> 0 | L88: =+H88*J88 -> 0 | M88: =+SUM(K88:L88) -> 0
B89: 1XB4 | D89: 1 | E89: =9.4*2 -> 18.8 | F89: 0.2 | G89: 0.1 | H89: =D89*((E89+0.2)+(F89+0.2))*2*G89 -> 3.88 | K89: =H89*I89 -> 0 | L89: =+H89*J89 -> 0 | M89: =+SUM(K89:L89) -> 0
B90: 1XB5 | D90: 1 | E90: =3.4*2 -> 6.8 | F90: 0.2 | G90: 0.1 | H90: =D90*((E90+0.2)+(F90+0.2))*2*G90 -> 1.48 | K90: =H90*I90 -> 0 | L90: =+H90*J90 -> 0 | M90: =+SUM(K90:L90) -> 0
B91: 1XB6 | D91: 1 | E91: 1.8 | F91: 0.2 | G91: 0.1 | H91: =D91*((E91+0.2)+(F91+0.2))*2*G91 -> 0.48 | K91: =H91*I91 -> 0 | L91: =+H91*J91 -> 0 | M91: =+SUM(K91:L91) -> 0
B92: 1XB7 | D92: 1 | E92: 14 | F92: 0.2 | G92: 0.1 | H92: =D92*((E92+0.2)+(F92+0.2))*2*G92 -> 2.92 | K92: =H92*I92 -> 0 | L92: =+H92*J92 -> 0 | M92: =+SUM(K92:L92) -> 0
B93: 1XB8 | D93: 1 | E93: 3 | F93: 0.1 | G93: 0.1 | H93: =D93*((E93+0.2)+(F93+0.2))*2*G93 -> 0.7 | K93: =H93*I93 -> 0 | L93: =+H93*J93 -> 0 | M93: =+SUM(K93:L93) -> 0
B94: 1XB9 | D94: 1 | E94: 3 | F94: 0.1 | G94: 0.1 | H94: =D94*((E94+0.2)+(F94+0.2))*2*G94 -> 0.7 | K94: =H94*I94 -> 0 | L94: =+H94*J94 -> 0 | M94: =+SUM(K94:L94) -> 0
B95: 1XB10 | D95: 1 | E95: 3 | F95: 0.1 | G95: 0.1 | H95: =D95*((E95+0.2)+(F95+0.2))*2*G95 -> 0.7 | K95: =H95*I95 -> 0 | L95: =+H95*J95 -> 0 | M95: =+SUM(K95:L95) -> 0
B96: 1XB11 | D96: 1 | E96: 1.4 | F96: 0.2 | G96: 0.1 | H96: =D96*((E96+0.2)+(F96+0.2))*2*G96 -> 0.4 | K96: =H96*I96 -> 0 | L96: =+H96*J96 -> 0 | M96: =+SUM(K96:L96) -> 0
B97: 1XB12 | D97: 1 | E97: 9.4 | F97: 0.2 | G97: 0.1 | H97: =D97*((E97+0.2)+(F97+0.2))*2*G97 -> 2 | K97: =H97*I97 -> 0 | L97: =+H97*J97 -> 0 | M97: =+SUM(K97:L97) -> 0
B98: 1YB1,B2,B3 | D98: 1 | E98: =80*2+6 -> 166 | F98: 0.2 | G98: 0.1 | H98: =D98*((E98+0.2)+(F98+0.2))*2*G98 -> 33.32 | K98: =H98*I98 -> 0 | L98: =+H98*J98 -> 0 | M98: =+SUM(K98:L98) -> 0
B99: 1YB4 | D99: 1 | E99: 5 | F99: 0.1 | G99: 0.1 | H99: =D99*((E99+0.2)+(F99+0.2))*2*G99 -> 1.1 | K99: =H99*I99 -> 0 | L99: =+H99*J99 -> 0 | M99: =+SUM(K99:L99) -> 0
B100: 1YB5 | D100: 1 | E100: 20 | F100: 0.2 | G100: 0.1 | H100: =D100*((E100+0.2)+(F100+0.2))*2*G100 -> 4.12 | K100: =H100*I100 -> 0 | L100: =+H100*J100 -> 0 | M100: =+SUM(K100:L100) -> 0
B101: 1YB6 | D101: 1 | E101: 5 | F101: 0.2 | G101: 0.1 | H101: =D101*((E101+0.2)+(F101+0.2))*2*G101 -> 1.12 | K101: =H101*I101 -> 0 | L101: =+H101*J101 -> 0 | M101: =+SUM(K101:L101) -> 0
B102: 1YB7 | D102: 1 | E102: 14 | F102: 0.2 | G102: 0.1 | H102: =D102*((E102+0.2)+(F102+0.2))*2*G102 -> 2.92 | K102: =H102*I102 -> 0 | L102: =+H102*J102 -> 0 | M102: =+SUM(K102:L102) -> 0
B103: 1YB8,8A | D103: 2 | E103: 12 | F103: 0.2 | G103: 0.1 | H103: =D103*((E103+0.2)+(F103+0.2))*2*G103 -> 5.04 | K103: =H103*I103 -> 0 | L103: =+H103*J103 -> 0 | M103: =+SUM(K103:L103) -> 0
...

Sheet VP
A1: =Cọc!A1 -> BẢNG KHỐI LƯỢNG MỜI THẦU
A2: =Cọc!A2 -> Dự án: Nhà Máy Sản Xuất Công Ty ….
A3: =Cọc!A3 -> Gói thầu: Thi Công Xây Dựng & Hệ Thống Cơ Điện, PCCC
A4: HẠNG MỤC: NHÀ VĂN PHÒNG (Giai đoạn 1)
A6: STT | B6: NỘI DUNG CÔNG VIỆC | C6: ĐVT | D6: K. lượng | E6: Đơn giá (VNĐ) | G6: Thành tiền (VNĐ) | I6: Tổng cộng (VNĐ) | J6: Ghi chú
E7: Vật tư | F7: NC&NTC | G7: Vật tư | H7: =F7 -> NC&NTC
B9: Công tác đất và xử lí đầu cọc | G9: =+SUBTOTAL(9,G10:G18) -> 0 | H9: =+SUBTOTAL(9,H10:H18) -> 0 | I9: =+SUBTOTAL(9,I10:I18) -> 0
A10: =MAX($A$6:$A8)+1 -> 1 | B10: Đào đất | C10: m³ | D10: 157.6718 | G10: =D10*E10 -> 0 | H10: =+D10*F10 -> 0 | I10: =+SUM(G10:H10) -> 0
A11: =MAX($A$6:$A10)+1 -> 2 | B11: Chỉnh sửa, ban gạt và đầm nền đất trước khi thi công công tác bê tông lót (hố móng, đà kiềng, hố pit) | C11: m2 | D11: 126.91 | G11: =D11*E11 -> 0 | H11: =+D11*F11 -> 0 | I11: =+SUM(G11:H11) -> 0
A12: =MAX($A$6:$A11)+1 -> 3 | B12: Cắt đầu cọc D400 | C12: đầu cọc | D12: 34 | G12: =D12*E12 -> 0 | H12: =+D12*F12 -> 0 | I12: =+SUM(G12:H12) -> 0
A13: =MAX($A$6:$A12)+1 -> 4 | B13: Vận chuyển đầu cọc | C13: đầu cọc | D13: 34 | G13: =D13*E13 -> 0 | H13: =+D13*F13 -> 0 | I13: =+SUM(G13:H13) -> 0
A14: =MAX($A$6:$A13)+1 -> 5 | B14: Gia công lắp đặt kết nối đầu cọc D400 (bao gồm thép tấm, cốt thép và bê tông đầu cọc) | C14: đầu cọc | D14: 34 | G14: =D14*E14 -> 0 | H14: =+D14*F14 -> 0 | I14: =+SUM(G14:H14) -> 0
A15: =MAX($A$6:$A14)+1 -> 6 | B15: Đắp đất hố móng | C15: m³ | D15: 37.296365 | G15: =D15*E15 -> 0 | H15: =+D15*F15 -> 0 | I15: =+SUM(G15:H15) -> 0
A16: =MAX($A$6:$A15)+1 -> 7 | B16: Cân bằng đào đắp và vận chuyển đất dư | C16: m³ | D16: 120.37544 | G16: =D16*E16 -> 0 | H16: =+D16*F16 -> 0 | I16: =+SUM(G16:H16) -> 0
A17: =MAX($A$6:$A16)+1 -> 8 | B17: Công tác chống mối | C17: m² | D17: 400 | G17: =D17*E17 -> 0 | H17: =+D17*F17 -> 0 | I17: =+SUM(G17:H17) -> 0
B19: Công tác ván khuôn | G19: =+SUBTOTAL(9,G20:G31) -> 0 | H19: =+SUBTOTAL(9,H20:H31) -> 0 | I19: =+SUBTOTAL(9,I20:I31) -> 0
A20: =MAX($A$6:$A19)+1 -> 9 | B20: Công tác ván khuôn lót móng, đà kiềng | C20: m² | D20: 24.3625 | G20: =D20*E20 -> 0 | H20: =+D20*F20 -> 0 | I20: =+SUM(G20:H20) -> 0
A21: =MAX($A$6:$A20)+1 -> 10 | B21: Công tác ván khuôn móng | C21: m² | D21: 90 | G21: =D21*E21 -> 0 | H21: =+D21*F21 -> 0 | I21: =+SUM(G21:H21) -> 0
A22: =MAX($A$6:$A21)+1 -> 11 | B22: Công tác ván khuôn cổ cột | C22: m² | D22: 22.65 | G22: =D22*E22 -> 0 | H22: =+D22*F22 -> 0 | I22: =+SUM(G22:H22) -> 0
A23: =MAX($A$6:$A22)+1 -> 12 | B23: Công tác ván khuôn đà kiềng | C23: m² | D23: 212.76 | G23: =D23*E23 -> 0 | H23: =+D23*F23 -> 0 | I23: =+SUM(G23:H23) -> 0
A24: =MAX($A$6:$A23)+1 -> 13 | B24: Công tác ván khuôn cột (đến cote +8.1m) | C24: m² | D24: 244.62 | G24: =D24*E24 -> 0 | H24: =+D24*F24 -> 0 | I24: =+SUM(G24:H24) -> 0
A25: =MAX($A$6:$A24)+1 -> 14 | B25: Công tác ván khuôn dầm sàn cote +4.1m | C25: m² | D25: 669.338 | G25: =D25*E25 -> 0 | H25: =+D25*F25 -> 0 | I25: =+SUM(G25:H25) -> 0
A26: =MAX($A$6:$A25)+1 -> 15 | B26: Công tác ván khuôn dầm sàn cote +8.1m | C26: m² | D26: 669.338 | G26: =D26*E26 -> 0 | H26: =+D26*F26 -> 0 | I26: =+SUM(G26:H26) -> 0
A27: =MAX($A$6:$A26)+1 -> 16 | B27: Công tác ván khuôn hố pit thang máy | C27: m² | D27: 28.48 | G27: =D27*E27 -> 0 | H27: =+D27*F27 -> 0 | I27: =+SUM(G27:H27) -> 0
A28: =MAX($A$6:$A27)+1 -> 17 | B28: Công tác ván khuôn cầu thang | C28: m² | D28: 24.46 | G28: =D28*E28 -> 0 | H28: =+D28*F28 -> 0 | I28: =+SUM(G28:H28) -> 0
A29: =MAX($A$6:$A28)+1 -> 18 | B29: Công tác ván khuôn lanh tô, bổ trụ, giằng tường, ô văng | C29: m² | D29: 149.77 | G29: =D29*E29 -> 0 | H29: =+D29*F29 -> 0 | I29: =+SUM(G29:H29) -> 0
A30: =MAX($A$6:$A29)+1 -> 19 | B30: Công tác ván khuôn cho sê nô, máng nước rửa tay | C30: m² | D30: 7.2 | G30: =D30*E30 -> 0 | H30: =+D30*F30 -> 0 | I30: =+SUM(G30:H30) -> 0
B32: Công tác cốt thép | G32: =+SUBTOTAL(9,G33:G43) -> 0 | H32: =+SUBTOTAL(9,H33:H43) -> 0 | I32: =+SUBTOTAL(9,I33:I43) -> 0
A33: =MAX($A$6:$A32)+1 -> 20 | B33: Công tác cốt thép móng | C33: tấn | D33: 3.7999084 | G33: =D33*E33 -> 0 | H33: =+D33*F33 -> 0 | I33: =+SUM(G33:H33) -> 0
A34: =MAX($A$6:$A33)+1 -> 21 | B34: Công tác cốt thép cột (đến cote +8.1m) | C34: tấn | D34: 7.3198182 | G34: =D34*E34 -> 0 | H34: =+D34*F34 -> 0 | I34: =+SUM(G34:H34) -> 0
A35: =MAX($A$6:$A34)+1 -> 22 | B35: Thép chờ cột cho giai đoạn 2 (đoạn trên cote 8.1m) | C35: tấn | D35: 2.0995962 | G35: =D35*E35 -> 0 | H35: =+D35*F35 -> 0 | I35: =+SUM(G35:H35) -> 0
A36: =MAX($A$6:$A35)+1 -> 23 | B36: Công tác cốt thép đà kiềng | C36: tấn | D36: 2.7152102 | G36: =D36*E36 -> 0 | H36: =+D36*F36 -> 0 | I36: =+SUM(G36:H36) -> 0
A37: =MAX($A$6:$A36)+1 -> 24 | B37: Công tác cốt thép dầm sàn cote +4.1 | C37: tấn | D37: 11.389151 | G37: =D37*E37 -> 0 | H37: =+D37*F37 -> 0 | I37: =+SUM(G37:H37) -> 0
A38: =MAX($A$6:$A37)+1 -> 25 | B38: Công tác cốt thép dầm sàn cote +8.1 | C38: tấn | D38: 11.389151 | G38: =D38*E38 -> 0 | H38: =+D38*F38 -> 0 | I38: =+SUM(G38:H38) -> 0
A39: =MAX($A$6:$A38)+1 -> 26 | B39: Công tác cốt thép lanh tô, bổ trụ, giằng tường, ô văng | C39: tấn | D39: 1.2652 | G39: =D39*E39 -> 0 | H39: =+D39*F39 -> 0 | I39: =+SUM(G39:H39) -> 0
A40: =MAX($A$6:$A39)+1 -> 27 | B40: Công tác cốt thép nền (01 lớp lưới thép hàn Þ6a200) | C40: tấn | D40: 0.902097 | G40: =D40*E40 -> 0 | H40: =+D40*F40 -> 0 | I40: =+SUM(G40:H40) -> 0
A41: =MAX($A$6:$A40)+1 -> 28 | B41: Cốt thép cầu thang, hố pit | C41: tấn | D41: 2.05595 | G41: =D41*E41 -> 0 | H41: =+D41*F41 -> 0 | I41: =+SUM(G41:H41) -> 0
A42: =MAX($A$6:$A41)+1 -> 29 | B42: Cốt thép sê nô, máng nước rửa tay | C42: tấn | D42: 0.0711 | G42: =D42*E42 -> 0 | H42: =+D42*F42 -> 0 | I42: =+SUM(G42:H42) -> 0
B44: Công tác bê tông | G44: =+SUBTOTAL(9,G45:G55) -> 0 | H44: =+SUBTOTAL(9,H45:H55) -> 0 | I44: =+SUBTOTAL(9,I45:I55) -> 0
A45: =MAX($A$6:$A44)+1 -> 30 | B45: Công tác BT lót đá 1x2, mác M100 | C45: m³ | D45: 9.54375 | G45: =D45*E45 -> 0 | H45: =+D45*F45 -> 0 | I45: =+SUM(G45:H45) -> 0 | K45: TGN báo
A46: =MAX($A$6:$A45)+1 -> 31 | B46: Công tác BT móng, đá 1x2, mác M350 | C46: m³ | D46: 34.587 | G46: =D46*E46 -> 0 | H46: =+D46*F46 -> 0 | I46: =+SUM(G46:H46) -> 0
A47: =MAX($A$6:$A46)+1 -> 32 | B47: Công tác BT cột, đá 1x2. mác M350 (đến cote +8.1m) | C47: m³ | D47: 26.039532 | G47: =D47*E47 -> 0 | H47: =+D47*F47 -> 0 | I47: =+SUM(G47:H47) -> 0
A48: =MAX($A$6:$A47)+1 -> 33 | B48: Công tác BT đà kiềng, đá 1x2, mác M350 | C48: m³ | D48: 35.394 | G48: =D48*E48 -> 0 | H48: =+D48*F48 -> 0 | I48: =+SUM(G48:H48) -> 0
A49: =MAX($A$6:$A48)+1 -> 34 | B49: Công tác BT dầm sàn cote +4.1m, đá 1x2, mác M350 | C49: m³ | D49: 81.892 | G49: =D49*E49 -> 0 | H49: =+D49*F49 -> 0 | I49: =+SUM(G49:H49) -> 0
A50: =MAX($A$6:$A49)+1 -> 35 | B50: Công tác BT dầm sàn cote +8.1m, đá 1x2, mác M350 | C50: m³ | D50: 81.892 | G50: =D50*E50 -> 0 | H50: =+D50*F50 -> 0 | I50: =+SUM(G50:H50) -> 0
A51: =MAX($A$6:$A50)+1 -> 36 | B51: Công tác BT cầu thang, hố pít, đá 1x2, mác M350 | C51: m³ | D51: 9.848 | G51: =D51*E51 -> 0 | H51: =+D51*F51 -> 0 | I51: =+SUM(G51:H51) -> 0
A52: =MAX($A$6:$A50)+1 -> 36 | B52: Công tác BT lanh tô, bổ trụ, giằng tường, ô văng, đá 1x2, mác M200 | C52: m³ | D52: 15.815 | G52: =D52*E52 -> 0 | H52: =+D52*F52 -> 0 | I52: =+SUM(G52:H52) -> 0
A53: =MAX($A$6:$A52)+1 -> 37 | B53: Công tác BT nền, đá 1x2, mác M350 | C53: m³ | D53: 38.7 | G53: =D53*E53 -> 0 | H53: =+D53*F53 -> 0 | I53: =+SUM(G53:H53) -> 0
A54: =MAX($A$6:$A53)+1 -> 38 | B54: Công tác BT sê nô, máng nước rửa tay | C54: m³ | D54: 0.79
B56: Công tác xây tô | G56: =+SUBTOTAL(9,G57:G66) -> 0 | H56: =+SUBTOTAL(9,H57:H66) -> 0 | I56: =+SUBTOTAL(9,I57:I66) -> 0
A57: =MAX($A$6:$A56)+1 -> 39 | B57: Công tác xây tường gạch ống câu gạch thẻ, dày 200mm, vữa xm mác 75 | C57: m² | D57: 750.095 | G57: =D57*E57 -> 0 | H57: =+D57*F57 -> 0 | I57: =+SUM(G57:H57) -> 0
A58: =MAX($A$6:$A57)+1 -> 40 | B58: Công tác xây tường gạch ống, dày 100mm, vữa xm mác 75 | C58: m² | D58: =364.4925+210 -> 574.4925 | G58: =D58*E58 -> 0 | H58: =+D58*F58 -> 0 | I58: =+SUM(G58:H58) -> 0
A59: =MAX($A$6:$A58)+1 -> 41 | B59: Công tác xây cấu kiện gạch thẻ, vữa xm mác 75 | C59: m3 | D59: 6.3056 | G59: =D59*E59 -> 0 | H59: =+D59*F59 -> 0 | I59: =+SUM(G59:H59) -> 0
A60: =MAX($A$6:$A59)+1 -> 42 | B60: Công tác tô tường ngoài nhà, vữa xm mác 75, dày 15mm | C60: m² | D60: 1020 | G60: =D60*E60 -> 0 | H60: =+D60*F60 -> 0 | I60: =+SUM(G60:H60) -> 0
A61: =MAX($A$6:$A60)+1 -> 43 | B61: Công tác tô tường trong, vữa xm mác 75, dày 15mm | C61: m² | D61: =1220+420 -> 1640 | G61: =D61*E61 -> 0 | H61: =+D61*F61 -> 0 | I61: =+SUM(G61:H61) -> 0
A62: =MAX($A$6:$A61)+1 -> 44 | B62: Công tác mài bề mặt bê tông (cột, dầm, trần,...) | C62: m² | D62: 22 | G62: =D62*E62 -> 0 | H62: =+D62*F62 -> 0 | I62: =+SUM(G62:H62) -> 0
A63: =MAX($A$6:$A62)+1 -> 45 | B63: Công tác tô trát cấu kiện bê tông | C63: m² | D63: 452 | G63: =D63*E63 -> 0 | H63: =+D63*F63 -> 0 | I63: =+SUM(G63:H63) -> 0 | J63: không tô trát vị trí mài và có đóng trần
A64: =MAX($A$6:$A63)+1 -> 46 | B64: Công tác tô cửa đi, cửa sổ, ô trống, vữa xm mác 75, dày 15mm (bao gồm làm cạnh) | C64: m | D64: 180 | G64: =D64*E64 -> 0 | H64: =+D64*F64 -> 0 | I64: =+SUM(G64:H64) -> 0
A65: =MAX($A$6:$A64)+1 -> 47 | B65: Kẻ ron chống nứt tường ngoài nhà | C65: m | D65: 630 | G65: =D65*E65 -> 0 | H65: =+D65*F65 -> 0 | I65: =+SUM(G65:H65) -> 0
G66: =D66*E66 -> 0 | I66: =+SUM(G66:H66) -> 0
B67: Công tác sơn nước | G67: =+SUBTOTAL(9,G68:G69) -> 0 | H67: =+SUBTOTAL(9,H68:H69) -> 0 | I67: =+SUBTOTAL(9,I68:I69) -> 0
A68: =MAX($A$6:$A67)+1 -> 48 | B68: Công tác sơn nước ngoài nhà (bả ma tít, sơn lót 1 lớp, sơn 2 lớp hoàn thiện) | C68: m² | D68: 1150 | G68: =D68*E68 -> 0 | H68: =+D68*F68 -> 0 | I68: =+SUM(G68:H68) -> 0
A69: =MAX($A$6:$A68)+1 -> 49 | B69: Công tác sơn nước trong nhà (bả ma tít, sơn lót 1 lớp, sơn 2 lớp hoàn thiện) | C69: m² | D69: =2130+400 -> 2530 | G69: =D69*E69 -> 0 | H69: =+D69*F69 -> 0 | I69: =+SUM(G69:H69) -> 0
B71: Công tác nền, sàn | G71: =+SUBTOTAL(9,G72:G74) -> 0 | H71: =+SUBTOTAL(9,H72:H74) -> 0 | I71: =+SUBTOTAL(9,I72:I74) -> 0
A72: =MAX($A$6:$A71)+1 -> 50 | B72: Lu lèn nền đất k=0.95, nền trệt | C72: m² | D72: 350.3 | G72: =D72*E72 -> 0 | H72: =+D72*F72 -> 0 | I72: =+SUM(G72:H72) -> 0
A73: =MAX($A$6:$A72)+1 -> 51 | B73: Lớp màng PE dày 0.15mm , nền trệt | C73: m² | D73: 350.3 | G73: =D73*E73 -> 0 | H73: =+D73*F73 -> 0 | I73: =+SUM(G73:H73) -> 0
A74: =MAX($A$6:$A73)+1 -> 52 | B74: Nền, sàn xoa phẳng | C74: m² | D74: 392.72 | G74: =D74*E74 -> 0 | H74: =+D74*F74 -> 0 | I74: =+SUM(G74:H74) -> 0
B76: Công tác cửa | G76: =+SUBTOTAL(9,G77:G88) -> 0 | H76: =+SUBTOTAL(9,H77:H88) -> 0 | I76: =+SUBTOTAL(9,I77:I88) -> 0
A77: =MAX($A$6:$A76)+1 -> 53 | B77: GCLD cửa thép 1 cánh mở, 2 mặt tole sơn tĩnh điện không chống cháy. Bao gồm phụ kiện và lắp đặt | C77: m² | D77: 2.115 | G77: =D77*E77 -> 0 | H77: =+D77*F77 -> 0 | I77: =+SUM(G77:H77) -> 0
A78: =MAX($A$6:$A77)+1 -> 54 | B78: GCLD cửa thép 2 cánh mở, 2 mặt tole sơn tĩnh điện không chống cháy. Bao gồm phụ kiện và lắp đặt | C78: m² | D78: 3.3 | G78: =D78*E78 -> 0 | H78: =+D78*F78 -> 0 | I78: =+SUM(G78:H78) -> 0
A79: =MAX($A$6:$A78)+1 -> 55 | B79: Cửa đi bản lề sàn KT (6000x3300), kính trong cường lực dày 10mm, vách kính cường lực dày 10mm, khung nhôm chìm (xingfa hệ 63 dày 2mm) | C79: m² | D79: 19.8 | G79: =D79*E79 -> 0 | H79: =+D79*F79 -> 0 | I79: =+SUM(G79:H79) -> 0
A80: =MAX($A$6:$A79)+1 -> 56 | B80: Cửa đi bản lề sàn KT (4000x3300), kính trong cường lực dày 10mm, vách kính cường lực dày 10mm, khung nhôm chìm (xingfa hệ 63 dày 2mm) | C80: m² | D80: 13.2 | G80: =D80*E80 -> 0 | H80: =+D80*F80 -> 0 | I80: =+SUM(G80:H80) -> 0
A81: =MAX($A$6:$A80)+1 -> 57 | B81: Phụ kiện cửa bản lề sàn KinLong | C81: bộ | D81: 4 | G81: =D81*E81 -> 0 | H81: =+D81*F81 -> 0 | I81: =+SUM(G81:H81) -> 0
A82: =MAX($A$6:$A81)+1 -> 58 | B82: Cửa đi 01 cánh khung nhôm xingfa hệ 55 sơn tĩnh điện dày 2mm, kính cường lực dày 8mm. Bao gồm phụ kiện và lắp đặt | C82: m² | D82: 21.15 | G82: =D82*E82 -> 0 | H82: =+D82*F82 -> 0 | I82: =+SUM(G82:H82) -> 0
A83: =MAX($A$6:$A82)+1 -> 59 | B83: Cửa đi 02 cánh khung nhôm xingfa hệ 55 sơn tĩnh điện dày 2mm, kính cường lực dày 8mm. Bao gồm phụ kiện và lắp đặt | C83: m² | D83: 4 | G83: =D83*E83 -> 0 | H83: =+D83*F83 -> 0 | I83: =+SUM(G83:H83) -> 0
A84: =MAX($A$6:$A83)+1 -> 60 | B84: Cửa đi 01 cánh mở, cửa nhựa vân gỗ. Bao gồm phụ kiện và lắp đặt | C84: m² | D84: 11.22 | G84: =D84*E84 -> 0 | H84: =+D84*F84 -> 0 | I84: =+SUM(G84:H84) -> 0
A85: =MAX($A$6:$A84)+1 -> 61 | B85: Cửa sổ lùa 2 cánh khung nhôm Xingfa hệ 55, dày 1.4mm, kính trong cường lực dày 8mm. Bao gồm phụ kiện và lắp đặt | C85: m² | D85: 52.8 | G85: =D85*E85 -> 0 | H85: =+D85*F85 -> 0 | I85: =+SUM(G85:H85) -> 0
A86: =MAX($A$6:$A85)+1 -> 62 | B86: Lam trang trí mặt dựng ngoài nhà, nhôm sơn tĩnh điện | C86: m² | J86: Ko bao gồm trong giai đoạn 1
A87: =MAX($A$6:$A86)+1 -> 63 | B87: Canopy Mái kính ( bao gồm khung thép kết cấu ) | C87: m² | D87: 16.5 | G87: =D87*E87 -> 0 | H87: =+D87*F87 -> 0 | I87: =+SUM(G87:H87) -> 0
B89: Công tác chống thấm, láng vữa | G89: =+SUBTOTAL(9,G90:G95) -> 0 | H89: =+SUBTOTAL(9,H90:H95) -> 0 | I89: =+SUBTOTAL(9,I90:I95) -> 0
A90: =MAX($A$6:$A89)+1 -> 64 | B90: Chống thấm hố pit thang máy bằng Sikatop Seal 107, ĐM 2.5kg/m2/3 lớp | C90: m² | D90: 16.16 | G90: =D90*E90 -> 0 | H90: =+D90*F90 -> 0 | I90: =+SUM(G90:H90) -> 0
A91: =MAX($A$6:$A90)+1 -> 65 | B91: Công tác chống thấm nhà vệ sinh - Sản phẩm gốc Polyurethane | C91: m² | D91: 27.5 | G91: =D91*E91 -> 0 | H91: =+D91*F91 -> 0 | I91: =+SUM(G91:H91) -> 0
A92: =MAX($A$6:$A91)+1 -> 66 | B92: Chống thấm sàn mái, sê nô, máng rửa tay - Sản phẩm gốc Polyurethane | C92: m² | D92: 340 | G92: =D92*E92 -> 0 | H92: =+D92*F92 -> 0 | I92: =+SUM(G92:H92) -> 0
A93: =MAX($A$6:$A92)+1 -> 67 | B93: Láng vữa xm mác 75 bảo vệ lớp chống thấm, độ dày 3cm | C93: m² | D93: 10.5 | G93: =D93*E93 -> 0 | H93: =+D93*F93 -> 0 | I93: =+SUM(G93:H93) -> 0
A94: =MAX($A$6:$A93)+1 -> 68 | B94: Láng vữa xm mác 75 độ dày 2cm trước khi lát gạch | C94: m² | D94: 1155 | G94: =D94*E94 -> 0 | H94: =+D94*F94 -> 0 | I94: =+SUM(G94:H94) -> 0
B96: Công tác ốp lát gạch, đá granite | G96: =+SUBTOTAL(9,G97:G117) -> 0 | H96: =+SUBTOTAL(9,H97:H117) -> 0 | I96: =+SUBTOTAL(9,I97:I117) -> 0
A97: =MAX($A$6:$A96)+1 -> 69 | B97: Đá granite cầu thang bộ, đá dày 18±2mm | C97: m² | D97: 35.572 | G97: =D97*E97 -> 0 | H97: =+D97*F97 -> 0 | I97: =+SUM(G97:H97) -> 0
A98: =MAX($A$6:$A97)+1 -> 70 | B98: Len đá granite chân tường cầu thang bộ, đá dày 18±2mm | C98: md | D98: 53.96 | G98: =D98*E98 -> 0 | H98: =+D98*F98 -> 0 | I98: =+SUM(G98:H98) -> 0
A99: =MAX($A$6:$A98)+1 -> 71 | B99: Len đá granite ngạch cửa, gờ đỉnh tường, đá dày 18±2mm | C99: md | D99: 128.4 | G99: =D99*E99 -> 0 | H99: =+D99*F99 -> 0 | I99: =+SUM(G99:H99) -> 0
A100: =MAX($A$6:$A99)+1 -> 72 | B100: Đá granite bề mặt lavabo (bao gồm khung đỡ bằng thép hộp mạ kẽm) | C100: md | D100: 5.75 | G100: =D100*E100 -> 0 | H100: =+D100*F100 -> 0 | I100: =+SUM(G100:H100) -> 0
A101: =MAX($A$6:$A99)+1 -> 72 | B101: Đá granite sảnh tam cấp ngoài nhà, đá dày 18±2mm | C101: m² | D101: 37.498 | G101: =D101*E101 -> 0 | H101: =+D101*F101 -> 0 | I101: =+SUM(G101:H101) -> 0
A102: =MAX($A$6:$A101)+1 -> 73 | B102: FO.1.1-Nền gạch kích thước 600x600mm | C102: m² | D102: 256.25 | G102: =D102*E102 -> 0 | H102: =+D102*F102 -> 0 | I102: =+SUM(G102:H102) -> 0
A103: =MAX($A$6:$A102)+1 -> 74 | B103: FO.1.2-Nền gạch kích thước 800x800mm | C103: m² | D103: 85.69 | G103: =D103*E103 -> 0 | H103: =+D103*F103 -> 0 | I103: =+SUM(G103:H103) -> 0
A104: =MAX($A$6:$A103)+1 -> 75 | B104: FO.2.1-Nền gạch kích thước 600x600mm | C104: m² | D104: 149.64 | G104: =D104*E104 -> 0 | H104: =+D104*F104 -> 0 | I104: =+SUM(G104:H104) -> 0
A105: =MAX($A$6:$A104)+1 -> 76 | B105: FO.2.2-Nền gạch kích thước 800x800mm | C105: m² | D105: 216.47 | G105: =D105*E105 -> 0 | H105: =+D105*F105 -> 0 | I105: =+SUM(G105:H105) -> 0
A106: =MAX($A$6:$A105)+1 -> 77 | B106: FO.T-Nền gạch sân thương kích thước 600x600 | C106: m² | D106: 328.5 | G106: =D106*E106 -> 0 | H106: =+D106*F106 -> 0 | I106: =+SUM(G106:H106) -> 0
A107: =MAX($A$6:$A106)+1 -> 78 | B107: Len chân tường kích thước 600x100mm | C107: md | D107: 94.1 | G107: =D107*E107 -> 0 | H107: =+D107*F107 -> 0 | I107: =+SUM(G107:H107) -> 0
A108: =MAX($A$6:$A107)+1 -> 79 | B108: Len chân tường kích thước 800x100mm | C108: md | D108: 173.75 | G108: =D108*E108 -> 0 | H108: =+D108*F108 -> 0 | I108: =+SUM(G108:H108) -> 0
A109: =MAX($A$6:$A108)+1 -> 80 | B109: Lát gạch nền vệ sinh, gạch Ceramic nhám 300x300mm. Bao gồm công tác cán vữa tạo dốc | C109: m² | D109: 17.64 | G109: =D109*E109 -> 0 | H109: =+D109*F109 -> 0 | I109: =+SUM(G109:H109) -> 0
A110: =MAX($A$6:$A109)+1 -> 81 | B110: Ốp gạch tường vệ sinh, gạch Ceramic 300x600mm cao hơn trần 10cm | C110: m² | D110: 108.9 | G110: =D110*E110 -> 0 | H110: =+D110*F110 -> 0 | I110: =+SUM(G110:H110) -> 0
...

Sheet Lò Hơi
A1: =Cọc!A1 -> BẢNG KHỐI LƯỢNG MỜI THẦU
A2: =Cọc!A2 -> Dự án: Nhà Máy Sản Xuất Công Ty ….
A3: =Cọc!A3 -> Gói thầu: Thi Công Xây Dựng & Hệ Thống Cơ Điện, PCCC | P3: =46*22 -> 1012
A4: HẠNG MỤC: NHÀ LÒ HƠI-KHO HÓA CHẤT - NHÀ RÁC
A6: STT | B6: NỘI DUNG CÔNG VIỆC | C6: ĐVT | E6: Kích thước | I6: K. lượng | J6: Đơn giá (VNĐ) | L6: Thành tiền (VNĐ) | N6: Tổng cộng (VNĐ) | O6: Ghi chú
D7: SL | E7: Dài | F7: Rộng | G7: Cao | H7: Hệ số | J7: Vật tư | K7: NC&MTC | L7: Vật tư | M7: =K7 -> NC&MTC
B9: Công tác đất và xử lí đầu cọc | L9: =+SUBTOTAL(9,L10:L38) -> 0 | M9: =+SUBTOTAL(9,M10:M38) -> 0 | N9: =+SUBTOTAL(9,N10:N38) -> 0
A10: =MAX($A$6:$A8)+1 -> 1 | B10: Đào đất | C10: m³ | I10: =SUBTOTAL(9,I11:I24) -> 92.593436 | L10: =I10*J10 -> 0 | M10: =+I10*K10 -> 0 | N10: =+SUM(L10:M10) -> 0
B11: PC1-30 | D11: 11 | E11: 0.8 | F11: 0.8 | G11: =0.9+0.05+0.7 -> 1.65 | H11: 1.3 | I11: =PRODUCT(D11:H11) -> 15.1008
B12: PC2-30 | D12: 11 | E12: 0.8 | F12: 1.7 | G12: =0.9+0.05+0.7 -> 1.65 | H12: 1.3 | I12: =PRODUCT(D12:H12) -> 32.0892
B13: PC3-30 | D13: 3 | E13: 1.36 | F13: =1.17/2 -> 0.585 | G13: =0.9+0.05+0.7 -> 1.65 | H13: 1.3 | I13: =PRODUCT(D13:H13) -> 5.119686
B14: DG (200*500) | E14: =+(8.8*3+7.3*3)*2-7.3+11.8 -> 101.1 | F14: 0.2 | G14: =0.5+0.05 -> 0.55 | H14: 1.3 | I14: =PRODUCT(D14:H14) -> 14.4573
B15: CG (200*200) | E15: =(6.2*2+7.4*2+4.1*2+5.8*2) -> 47 | F15: 0.2 | G15: =0.2+0.05 -> 0.25 | H15: 1.3 | I15: =PRODUCT(D15:H15) -> 3.055
B16: DM4 (400*600) | E16: =7.25*2 -> 14.5 | F16: 0.4 | G16: =0.6+0.05 -> 0.65 | H16: 1.3 | I16: =PRODUCT(D16:H16) -> 4.901
B17: DM5 (400*600) | E17: 7.25 | F17: 0.4 | G17: =0.6+0.05 -> 0.65 | H17: 1.3 | I17: =PRODUCT(D17:H17) -> 2.4505
B18: D0.A (200*600) | E18: =6*3 -> 18 | F18: 0.2 | G18: =0.6+0.05 -> 0.65 | H18: 1.3 | I18: =PRODUCT(D18:H18) -> 3.042
B19: D0.B (200*500) | E19: =6*5 -> 30 | F19: 0.2 | G19: =0.5+0.05 -> 0.55 | H19: 1.3 | I19: =PRODUCT(D19:H19) -> 4.29
B20: D0.5 (200*600) | E20: =7.3*2 -> 14.6 | F20: 0.2 | G20: =0.6+0.05 -> 0.65 | H20: 1.3 | I20: =PRODUCT(D20:H20) -> 2.4674
B21: D0.5A (200*600) | E21: =7.3*2 -> 14.6 | F21: 0.2 | G21: =0.6+0.05 -> 0.65 | H21: 1.3 | I21: =PRODUCT(D21:H21) -> 2.4674
B22: D0.5B (200*600) | I22: =PRODUCT(D22:H22) -> 0
B23: D0.6 (200*500) | E23: =7.4*2+7.25 -> 22.05 | F23: 0.2 | G23: =0.5+0.05 -> 0.55 | H23: 1.3 | I23: =PRODUCT(D23:H23) -> 3.15315
A25: =MAX($A$6:$A10)+1 -> 2 | B25: Chỉnh sửa, ban gạt và đầm nền đất trước khi thi công công tác bê tông lót (hố móng, đà kiềng, hố pit) | C25: m2 | I25: =SUBTOTAL(9,I26:I29) -> 1147.77 | L25: =I25*J25 -> 0 | M25: =+I25*K25 -> 0 | N25: =+SUM(L25:M25) -> 0
B26: Nền nhà phụ | E26: =8.8*3+11.8+6*2 -> 50.2 | F26: =7.3+7.4+7.25 -> 21.95 | I26: =PRODUCT(D26:H26) -> 1101.89
B27: Nền nhà rác | E27: 6.2 | F27: 7.4 | I27: =PRODUCT(D27:H27) -> 45.88
A30: =MAX($A$6:$A25)+1 -> 3 | B30: Cắt đầu cọc D300 | C30: đầu cọc | I30: 32 | L30: =I30*J30 -> 0 | M30: =+I30*K30 -> 0 | N30: =+SUM(L30:M30) -> 0
A31: =MAX($A$6:$A30)+1 -> 4 | B31: Cắt đầu cọc D400 | C31: đầu cọc | I31: 10 | L31: =I31*J31 -> 0 | M31: =+I31*K31 -> 0 | N31: =+SUM(L31:M31) -> 0
A32: =MAX($A$6:$A31)+1 -> 5 | B32: Vận chuyển đầu cọc | C32: đầu cọc | I32: =I30+I31 -> 42 | L32: =I32*J32 -> 0 | M32: =+I32*K32 -> 0 | N32: =+SUM(L32:M32) -> 0
A33: =MAX($A$6:$A32)+1 -> 6 | B33: Gia công lắp đặt kết nối đầu cọc D300 (bao gồm thép tấm, cốt thép và bê tông đầu cọc) | C33: đầu cọc | I33: =I30 -> 32 | L33: =I33*J33 -> 0 | M33: =+I33*K33 -> 0 | N33: =+SUM(L33:M33) -> 0
A34: =MAX($A$6:$A33)+1 -> 7 | B34: Gia công lắp đặt kết nối đầu cọc D400 (bao gồm thép tấm, cốt thép và bê tông đầu cọc) | C34: đầu cọc | I34: =I31 -> 10 | L34: =I34*J34 -> 0 | M34: =+I34*K34 -> 0 | N34: =+SUM(L34:M34) -> 0
A35: =MAX($A$6:$A34)+1 -> 8 | B35: Đắp đất hố móng | C35: m³ | I35: =I10-I213-I218-I229 -> 43.226306 | L35: =I35*J35 -> 0 | M35: =+I35*K35 -> 0 | N35: =+SUM(L35:M35) -> 0
A36: =MAX($A$6:$A35)+1 -> 9 | B36: Cân bằng đào đắp và vận chuyển đất dư | C36: m³ | I36: =I10-I35 -> 49.36713 | L36: =I36*J36 -> 0 | M36: =+I36*K36 -> 0 | N36: =+SUM(L36:M36) -> 0
A37: =MAX($A$6:$A36)+1 -> 10 | B37: Công tác chống mối | C37: m² | I37: =I25 -> 1147.77 | L37: =I37*J37 -> 0 | M37: =+I37*K37 -> 0 | N37: =+SUM(L37:M37) -> 0
B39: Công tác ván khuôn | L39: =+SUBTOTAL(9,L40:L91) -> 0 | M39: =+SUBTOTAL(9,M40:M91) -> 0 | N39: =+SUBTOTAL(9,N40:N91) -> 0
A40: =MAX($A$6:$A39)+1 -> 11 | B40: Công tác ván khuôn lót móng, đà kiềng | C40: m² | I40: =SUBTOTAL(9,I41:I44) -> 6.092 | L40: =I40*J40 -> 0 | M40: =+I40*K40 -> 0 | N40: =+SUM(L40:M40) -> 0
B41: =B11 -> PC1-30 | D41: =D11 -> 11 | E41: =E11+0.2 -> 1 | F41: =F11+0.2 -> 1 | G41: 0.05 | I41: =D41*(E41+F41)*2*G41 -> 2.2
B42: =B12 -> PC2-30 | D42: =D12 -> 11 | E42: =E12+0.2 -> 1 | F42: =F12+0.2 -> 1.9 | G42: 0.05 | I42: =D42*(E42+F42)*2*G42 -> 3.19
B43: =B13 -> PC3-30 | D43: =D13 -> 3 | E43: =E13+0.2 -> 1.56 | F43: =F13+0.2 -> 0.785 | G43: 0.05 | I43: =D43*E43*3*G43 -> 0.702
A45: =MAX($A$6:$A40)+1 -> 12 | B45: Công tác ván khuôn móng | C45: m² | I45: =SUBTOTAL(9,I46:I49) -> 81.496 | L45: =I45*J45 -> 0 | M45: =+I45*K45 -> 0 | N45: =+SUM(L45:M45) -> 0
B46: =B41 -> PC1-30 | D46: =D11 -> 11 | E46: =E11 -> 0.8 | F46: =F11 -> 0.8 | G46: 0.8 | I46: =D46*(E46+F46)*2*G46 -> 28.16
B47: =B42 -> PC2-30 | D47: =D12 -> 11 | E47: =E12 -> 0.8 | F47: =F12 -> 1.7 | G47: 0.8 | I47: =D47*(E47+F47)*2*G47 -> 44
B48: =B43 -> PC3-30 | D48: =D13 -> 3 | E48: =E13 -> 1.36 | F48: =F13 -> 0.585 | G48: 0.8 | I48: =D48*(E48+F48)*2*G48 -> 9.336
A50: =MAX($A$6:$A45)+1 -> 13 | B50: Công tác ván khuôn cổ cột | C50: m² | I50: =SUBTOTAL(9,I51:I55) -> 35.84 | L50: =I50*J50 -> 0 | M50: =+I50*K50 -> 0 | N50: =+SUM(L50:M50) -> 0
B51: CB1 (300*500) | D51: 5 | E51: 0.3 | F51: 0.5 | G51: 0.8 | I51: =D51*(E51+F51)*2*G51 -> 6.4
B52: CB2 (300*500) | D52: 3 | E52: 0.3 | F52: 0.5 | G52: 0.8 | I52: =D52*(E52+F52)*2*G52 -> 3.84
B53: C1 (400*800) | D53: 6 | E53: 0.4 | F53: 0.8 | G53: 0.8 | I53: =D53*(E53+F53)*2*G53 -> 11.52
B54: C3 (400*400) | D54: 11 | E54: 0.4 | F54: 0.4 | G54: 0.8 | I54: =D54*(E54+F54)*2*G54 -> 14.08
A56: =MAX($A$6:$A50)+1 -> 14 | B56: Công tác ván khuôn đà kiềng | C56: m² | I56: =SUBTOTAL(9,I57:I66) -> 254.69 | L56: =I56*J56 -> 0 | M56: =+I56*K56 -> 0 | N56: =+SUM(L56:M56) -> 0
B57: =B14 -> DG (200*500) | E57: =E14 -> 101.1 | F57: =F14 -> 0.2 | G57: 0.5 | I57: =E57*G57*2 -> 101.1
B58: =B15 -> CG (200*200) | E58: =E15 -> 47 | F58: =F15 -> 0.2 | G58: 0.2 | I58: =E58*G58*2 -> 18.8
B59: =B16 -> DM4 (400*600) | E59: =E16 -> 14.5 | F59: =F16 -> 0.4 | G59: 0.6 | I59: =E59*G59*2 -> 17.4
B60: =B17 -> DM5 (400*600) | E60: =E17 -> 7.25 | F60: =F17 -> 0.4 | G60: 0.6 | I60: =E60*G60*2 -> 8.7
B61: =B18 -> D0.A (200*600) | E61: =E18 -> 18 | F61: =F18 -> 0.2 | G61: 0.6 | I61: =E61*G61*2 -> 21.6
B62: =B19 -> D0.B (200*500) | E62: =E19 -> 30 | F62: =F19 -> 0.2 | G62: 0.5 | I62: =E62*G62*2 -> 30
B63: =B20 -> D0.5 (200*600) | E63: =E20 -> 14.6 | F63: =F20 -> 0.2 | G63: 0.6 | I63: =E63*G63*2 -> 17.52
B64: =B21 -> D0.5A (200*600) | E64: =E21 -> 14.6 | F64: =F21 -> 0.2 | G64: 0.6 | I64: =E64*G64*2 -> 17.52
B65: =B23 -> D0.6 (200*500) | E65: =E23 -> 22.05 | F65: =F23 -> 0.2 | G65: 0.5 | I65: =E65*G65*2 -> 22.05
A67: =MAX($A$6:$A56)+1 -> 15 | B67: Công tác ván khuôn cột | C67: m² | I67: =SUBTOTAL(9,I68:I72) -> 30.4 | L67: =I67*J67 -> 0 | M67: =+I67*K67 -> 0 | N67: =+SUM(L67:M67) -> 0
B68: =B51 -> CB1 (300*500) | E68: =E51 -> 0.3 | F68: =F51 -> 0.5 | I68: =(E68+F68)*2*G68 -> 0
B69: =B52 -> CB2 (300*500) | E69: =E52 -> 0.3 | F69: =F52 -> 0.5 | I69: =(E69+F69)*2*G69 -> 0
B70: =B53 -> C1 (400*800) | E70: =E53 -> 0.4 | F70: =F53 -> 0.8 | G70: =8-0.4 -> 7.6 | I70: =(E70+F70)*2*G70 -> 18.24
B71: =B54 -> C3 (400*400) | E71: =E54 -> 0.4 | F71: =F54 -> 0.4 | G71: =8-0.4 -> 7.6 | I71: =(E71+F71)*2*G71 -> 12.16
A73: =MAX($A$6:$A67)+1 -> 16 | B73: Công tác ván khuôn dầm sàn | C73: m² | I73: =SUBTOTAL(9,I74:I88) -> 779.56 | L73: =I73*J73 -> 0 | M73: =+I73*K73 -> 0 | N73: =+SUM(L73:M73) -> 0
B74: Dầm sàn cote +3800
B75: D0.A (200*600) | E75: =6*3 -> 18 | F75: 0.2 | G75: 0.6 | I75: =E75*(F75+G75*2) -> 25.2
B76: D0.C (200*500) | E76: 6 | F76: 0.2 | G76: 0.5 | I76: =E76*(F76+G76*2) -> 7.2
B77: D0.5 (200*600) | E77: =7.3*2 -> 14.6 | F77: 0.2 | G77: 0.6 | I77: =E77*(F77+G77*2) -> 20.44
B78: D0.5B (200*600) | E78: =7.3+7.4+7.25*2 -> 29.2 | F78: 0.2 | G78: 0.6 | I78: =E78*(F78+G78*2) -> 40.88
B79: Dầm sàn cote +8000
B80: D1.P1 (200*750) | E80: =23.8*3 -> 71.4 | F80: 0.2 | G80: 0.75 | I80: =E80*(G80-0.15*2) -> 32.13
B81: D1.P2 (200*750) | E81: =(7.3+7.4+7.25)*2 -> 43.9 | F81: 0.2 | G81: 0.75 | I81: =E81*(G81-0.15*2) -> 19.755
B82: D1.4 (200*750) | E82: =(7.3+7.4+7.25)*2 -> 43.9 | F82: 0.2 | G82: 0.75 | I82: =E82*(G82-0.15) -> 26.34
B83: D1.5 (200*750) | E83: =(7.3+7.4+7.25)*2 -> 43.9 | F83: 0.2 | G83: 0.75 | I83: =E83*(G83-0.15*2) -> 19.755
B84: D1.A (400*900) | E84: 23.8 | F84: 0.4 | G84: 0.9 | I84: =E84*(G84-0.15) -> 17.85
B85: D1.B (400*1000) | E85: =2*23.8 -> 47.6 | F85: 0.4 | G85: 1 | I85: =E85*(G85-0.15*2) -> 33.32
B86: D1.D (400*750) | E86: 23.8 | F86: 0.4 | G86: 0.75 | I86: =E86*(G86-0.15) -> 14.28
B87: Sàn cote +8000 | E87: =11.8+6*2 -> 23.8 | F87: =7.3+7.4+7.25 -> 21.95 | G87: 0.15 | I87: =E87*F87 -> 522.41
A89: =MAX($A$6:$A73)+1 -> 17 | B89: Công tác ván khuôn dầm giằng độc lập | C89: m² | I89: 56 | L89: =I89*J89 -> 0 | M89: =+I89*K89 -> 0 | N89: =+SUM(L89:M89) -> 0
A90: =MAX($A$6:$A89)+1 -> 18 | B90: Công tác ván khuôn lanh tô, bổ trụ, giằng tường, ô văng | C90: m² | I90: =0.15*2*120 -> 36 | L90: =I90*J90 -> 0 | M90: =+I90*K90 -> 0 | N90: =+SUM(L90:M90) -> 0
B92: Công tác cốt thép | L92: =+SUBTOTAL(9,L93:L209) -> 0 | M92: =+SUBTOTAL(9,M93:M209) -> 0 | N92: =+SUBTOTAL(9,N93:N209) -> 0
A93: =MAX($A$6:$A92)+1 -> 19 | B93: Công tác cốt thép móng | C93: tấn | I93: =SUBTOTAL(9,I94:I107)/1000 -> 0.93673264 | L93: =I93*J93 -> 0 | M93: =+I93*K93 -> 0 | N93: =+SUM(L93:M93) -> 0
B94: PC1-30 | D94: =D46 -> 11 | E94: =E46 -> 0.8 | F94: =F46 -> 0.8 | H94: 0 | I94: =PRODUCT(D94:H94) -> 0
B95: Phi12a200 | D95: =D94 -> 11 | E95: =0.7+0.2*2 -> 1.1 | G95: 8 | H95: =PI()*(12)^2/4*7.85/1000 -> 0.88781408 | I95: =PRODUCT(D95:H95) -> 85.940403
B96: Phi12a200 | D96: =D95 -> 11 | E96: =0.7+0.55*2 -> 1.8 | G96: 8 | H96: =PI()*(12)^2/4*7.85/1000 -> 0.88781408 | I96: =PRODUCT(D96:H96) -> 140.62975
B97: PC2-30 | D97: =D47 -> 11 | E97: =E47 -> 0.8 | F97: =F47 -> 1.7 | H97: 0
B98: Phi16a150 | D98: =D97 -> 11 | E98: =1.6+0.2*2 -> 2 | G98: 5 | H98: =PI()*(12)^2/4*7.85/1000 -> 0.88781408 | I98: =PRODUCT(D98:H98) -> 97.659549
B99: Phi12a200 | D99: =D98 -> 11 | E99: =0.7+0.2*2 -> 1.1 | G99: 9 | H99: =PI()*(12)^2/4*7.85/1000 -> 0.88781408 | I99: =PRODUCT(D99:H99) -> 96.682954
B100: Phi12a200 | D100: =D99 -> 11 | E100: =1.6+0.55*2 -> 2.7 | G100: 4 | H100: =PI()*(12)^2/4*7.85/1000 -> 0.88781408 | I100: =PRODUCT(D100:H100) -> 105.47231
B101: Phi12a200 | D101: =D100 -> 11 | E101: =0.7+0.55*2 -> 1.8 | G101: 9 | H101: =PI()*(12)^2/4*7.85/1000 -> 0.88781408 | I101: =PRODUCT(D101:H101) -> 158.20847
B102: PC3-30 | D102: =D48 -> 3 | E102: =E48 -> 1.36 | F102: =F48 -> 0.585 | H102: 0 | I102: =PRODUCT(D102:H102) -> 0
B103: Phi16a150 | D103: =D102 -> 3 | E103: =1.6+0.2*2 -> 2 | G103: 11 | H103: =PI()*(16)^2/4*7.85/1000 -> 1.5783361 | I103: =PRODUCT(D103:H103) -> 104.17019
B104: Phi16a150 | D104: =D103 -> 3 | E104: =0.7+0.2*2 -> 1.1 | G104: 10 | H104: =PI()*(16)^2/4*7.85/1000 -> 1.5783361 | I104: =PRODUCT(D104:H104) -> 52.085093
B105: Phi12a200 | D105: =D104 -> 3 | E105: =1.6+0.55*2 -> 2.7 | G105: 8 | H105: =PI()*(12)^2/4*7.85/1000 -> 0.88781408 | I105: =PRODUCT(D105:H105) -> 57.530353
B106: Phi12a200 | D106: =D105 -> 3 | E106: =0.7+0.55*2 -> 1.8 | G106: 8 | H106: =PI()*(12)^2/4*7.85/1000 -> 0.88781408 | I106: =PRODUCT(D106:H106) -> 38.353568
I107: =PRODUCT(D107:H107) -> 0
A108: =MAX($A$6:$A93)+1 -> 20 | B108: Công tác cốt thép cột | C108: tấn | I108: =SUBTOTAL(9,I109:I122)/1000 -> 8.929856 | L108: =I108*J108 -> 0 | M108: =+I108*K108 -> 0 | N108: =+SUM(L108:M108) -> 0
B109: =B68 -> CB1 (300*500) | D109: =D51 -> 5 | E109: =E51 -> 0.3 | F109: =F51 -> 0.5 | G109: 0.8 | H109: 0 | I109: =PRODUCT(D109:H109) -> 0
B110: 6phi18 | D110: =D109 -> 5 | E110: 6 | F110: =0.25+1.075 -> 1.325 | H110: =PI()*(18)^2/4*7.85/1000 -> 1.9975817 | I110: =PRODUCT(D110:H110) -> 79.403872
B111: đai6a150 | D111: =D110 -> 5 | E111: =ROUNDUP(1.3/0.15,0) -> 9 | F111: =(E109-0.1+F109-0.1)*2+0.1 -> 1.3 | H111: =PI()*(6)^2/4*7.85/1000 -> 0.22195352 | I111: =PRODUCT(D111:H111) -> 12.984281
B112: =B69 -> CB2 (300*500) | D112: =D52 -> 3 | E112: =E52 -> 0.3 | F112: =F52 -> 0.5 | G112: 0.8 | H112: 0 | I112: =PRODUCT(D112:H112) -> 0
B113: 6phi18 | D113: =D112 -> 3 | E113: 6 | F113: =0.25+1.475 -> 1.725 | H113: =PI()*(18)^2/4*7.85/1000 -> 1.9975817 | I113: =PRODUCT(D113:H113) -> 62.024911
...

Sheet Trạm điện
A1: =+VP!A1 -> BẢNG KHỐI LƯỢNG MỜI THẦU
A2: =+VP!A2 -> Dự án: Nhà Máy Sản Xuất Công Ty ….
A3: =+VP!A3 -> Gói thầu: Thi Công Xây Dựng & Hệ Thống Cơ Điện, PCCC
A4: HẠNG MỤC: TRẠM ĐIỆN
A6: STT | B6: NỘI DUNG CÔNG VIỆC | C6: ĐVT | E6: Kích thước | I6: K. lượng | J6: Đơn giá (VNĐ) | L6: Thành tiền (VNĐ) | N6: Tổng cộng (VNĐ) | O6: Ghi chú
D7: SL | E7: Dài | F7: Rộng | G7: Cao | H7: Hệ số | J7: Vật tư | K7: NC | L7: Vật tư | M7: NC
B9: Công tác đất đá | L9: =+SUBTOTAL(9,L10:L20) -> 0 | M9: =+SUBTOTAL(9,M10:M20) -> 0 | N9: =+SUBTOTAL(9,N10:N20) -> 0
A10: =MAX($A$6:$A8)+1 -> 1 | B10: Đào đất | C10: m3 | I10: =SUBTOTAL(9,I11:I12) -> 38.61 | L10: =+I10*J10 -> 0 | M10: =+I10*K10 -> 0 | N10: =+SUM(L10:M10) -> 0
B11: M1 | D11: 8 | E11: =1.4+0.1 -> 1.5 | F11: =1.4+0.1 -> 1.5 | G11: 1.65 | H11: 1.3 | I11: =PRODUCT(D11:H11) -> 38.61
A13: =MAX($A$6:$A10)+1 -> 2 | B13: Chỉnh sửa, ban gạt và đầm nền đất trước khi thi công công tác bê tông lót (đáy hố móng, đà kiềng) | C13: m2 | E13: 16.3 | F13: 4.25 | I13: =PRODUCT(D13:H13) -> 69.275 | L13: =+I13*J13 -> 0 | M13: =+I13*K13 -> 0 | N13: =+SUM(L13:M13) -> 0
A14: =MAX($A$6:$A13)+1 -> 3 | B14: Lấp đất hố móng | C14: =+C10 -> m3 | I14: =I10-I68-I65 -> 33.006 | L14: =+I14*J14 -> 0 | M14: =+I14*K14 -> 0 | N14: =+SUM(L14:M14) -> 0
A15: =MAX($A$6:$A14)+1 -> 4 | B15: Cân bằng đào đắp và vận chuyển đất dư | C15: =+C14 -> m3 | I15: =I10-I14 -> 5.604 | L15: =+I15*J15 -> 0 | M15: =+I15*K15 -> 0 | N15: =+SUM(L15:M15) -> 0
A16: =MAX($A$6:$A15)+1 -> 5 | B16: Đầm nền đất, K=0.95 | C16: m2 | I16: =I13 -> 69.275 | L16: =+I16*J16 -> 0 | M16: =+I16*K16 -> 0 | N16: =+SUM(L16:M16) -> 0
A17: =MAX($A$6:$A16)+1 -> 6 | B17: Nền đá 04 dày 200, đầm chặt K=0.95 | C17: m3 | E17: =E13 -> 16.3 | F17: =F13 -> 4.25 | G17: 0.2 | I17: =PRODUCT(D17:H17) -> 13.855 | L17: =+I17*J17 -> 0 | M17: =+I17*K17 -> 0 | N17: =+SUM(L17:M17) -> 0
A18: =MAX($A$6:$A17)+1 -> 7 | B18: Lớp màng PE dày 0.15mm, nền trệt | C18: m2 | I18: =I16 -> 69.275 | L18: =+I18*J18 -> 0 | M18: =+I18*K18 -> 0 | N18: =+SUM(L18:M18) -> 0
A19: =MAX($A$6:$A18)+1 -> 8 | B19: Công tác chống mối | C19: m2 | I19: =I18 -> 69.275 | L19: =+I19*J19 -> 0 | M19: =+I19*K19 -> 0 | N19: =+SUM(L19:M19) -> 0
B21: Công tác ván khuôn | L21: =+SUBTOTAL(9,L22:L39) -> 0 | M21: =+SUBTOTAL(9,M22:M39) -> 0 | N21: =+SUBTOTAL(9,N22:N39) -> 0
A22: =MAX($A$6:$A21)+1 -> 9 | B22: Ván khuôn bê tông lót | C22: m2 | I22: =SUBTOTAL(9,I23:I24) -> 2.4 | L22: =+I22*J22 -> 0 | M22: =+I22*K22 -> 0 | N22: =+SUM(L22:M22) -> 0
B23: M1 | D23: =D11 -> 8 | E23: =E11 -> 1.5 | F23: =F11 -> 1.5 | G23: 0.05 | I23: =D23*(E23+F23)*2*G23 -> 2.4
A25: =MAX($A$6:$A22)+1 -> 10 | B25: Ván khuôn móng | C25: m2 | I25: =SUBTOTAL(9,I26:I27) -> 13.44 | L25: =+I25*J25 -> 0 | M25: =+I25*K25 -> 0 | N25: =+SUM(L25:M25) -> 0
B26: M1 | D26: =D23 -> 8 | E26: =E23-0.1 -> 1.4 | F26: =F23-0.1 -> 1.4 | G26: 0.3 | I26: =D26*(E26+F26)*2*G26 -> 13.44
A28: =MAX($A$6:$A25)+1 -> 11 | B28: Ván khuôn đà kiềng | C28: m2 | I28: =SUBTOTAL(9,I29:I29) -> 39.68 | L28: =+I28*J28 -> 0 | M28: =+I28*K28 -> 0 | N28: =+SUM(L28:M28) -> 0
B29: DK. 200*400 | E29: =16.3*2+4.25*4 -> 49.6 | F29: 0.2 | G29: 0.4 | I29: =E29*G29*2 -> 39.68
A31: =MAX($A$6:$A28)+1 -> 12 | B31: Ván khuôn nền | C31: m2 | I31: =SUBTOTAL(9,I32:I33) -> 6.165 | L31: =+I31*J31 -> 0 | M31: =+I31*K31 -> 0 | N31: =+SUM(L31:M31) -> 0
B32: nền 150 | D32: 1 | E32: 16.3 | F32: 4.25 | G32: 0.15 | I32: =D32*(E32+F32)*2*G32 -> 6.165
A34: =MAX($A$6:$A31)+1 -> 13 | B34: Ván khuôn cột, dầm giằng | C34: m2 | I34: =SUBTOTAL(9,I35:I37) -> 53.075 | L34: =+I34*J34 -> 0 | M34: =+I34*K34 -> 0 | N34: =+SUM(L34:M34) -> 0
B35: C. 200*200 | D35: 8 | E35: 0.2 | F35: 0.2 | G35: 4.6 | I35: =D35*(E35+F35)*2*G35 -> 29.44
B36: Seno 550*450 | E36: 16.3 | F36: 0.55 | G36: 0.45 | I36: =E36*(F36+G36*2) -> 23.635
A38: =MAX($A$6:$A34)+1 -> 14 | B38: Ván khuôn lanh tô, bổ trụ, giằng tường | C38: m2 | I38: 14.4 | L38: =+I38*J38 -> 0 | M38: =+I38*K38 -> 0 | N38: =+SUM(L38:M38) -> 0
B40: Công tác cốt thép | L40: =+SUBTOTAL(9,L41:L63) -> 0 | M40: =+SUBTOTAL(9,M41:M63) -> 0 | N40: =+SUBTOTAL(9,N41:N63) -> 0
A41: =MAX($A$6:$A40)+1 -> 15 | B41: GCLD cốt thép móng | C41: tấn | I41: =SUBTOTAL(9,I42:I44)/1000 -> 0.10259185 | L41: =+I41*J41 -> 0 | M41: =+I41*K41 -> 0 | N41: =+SUM(L41:M41) -> 0
B42: M1 | D42: =D26 -> 8 | E42: =E26 -> 1.4 | F42: =F26 -> 1.4 | G42: =G26 -> 0.3 | H42: 0 | I42: =PRODUCT(D42:H42) -> 0
B43: Phi10a200 | D43: =D42 -> 8 | E43: =E42-0.1 -> 1.3 | G43: 16 | H43: =PI()*(10)^2/4*7.85/1000 -> 0.61653756 | I43: =PRODUCT(D43:H43) -> 102.59185
A45: =MAX($A$6:$A41)+1 -> 16 | B45: GCLD cốt thép đà kiềng | C45: tấn | I45: =SUBTOTAL(9,I46:I48)/1000 -> 0.40130183 | L45: =+I45*J45 -> 0 | M45: =+I45*K45 -> 0 | N45: =+SUM(L45:M45) -> 0
B46: DK. 200*400 | E46: =E29 -> 49.6 | F46: =F29 -> 0.2 | G46: =G29 -> 0.4 | H46: 0 | I46: =PRODUCT(D46:H46) -> 0
B47: 4phi16 | E47: =E46 -> 49.6 | F47: 4 | H47: =PI()*(16)^2/4*7.85/1000 -> 1.5783361 | I47: =PRODUCT(D47:H47) -> 313.14189
B48: phi6a150 | E48: =ROUNDUP(E47/0.15,0) -> 331 | F48: =(F46+G46-0.05)*2+0.1 -> 1.2 | H48: =PI()*(6)^2/4*7.85/1000 -> 0.22195352 | I48: =PRODUCT(D48:H48) -> 88.159939
A49: =MAX($A$6:$A45)+1 -> 17 | B49: Cốt thép cột, dầm giằng | C49: =+C41 -> tấn | I49: =SUBTOTAL(9,I50:I57)/1000 -> 0.28910679 | L49: =+I49*J49 -> 0 | M49: =+I49*K49 -> 0 | N49: =+SUM(L49:M49) -> 0
B50: =B35 -> C. 200*200 | D50: =D35 -> 8 | E50: =E35 -> 0.2 | F50: =F35 -> 0.2 | G50: =G35 -> 4.6 | H50: 0 | I50: =PRODUCT(D50:H50) -> 0
B51: 4phi16 | D51: =D50 -> 8 | E51: 4 | F51: =0.25+1.075 -> 1.325 | H51: =PI()*(16)^2/4*7.85/1000 -> 1.5783361 | I51: =PRODUCT(D51:H51) -> 66.921453
B52: đai6a150 | D52: =D51 -> 8 | E52: =ROUNDUP(G50/0.15,0) -> 31 | F52: =(E50-0.1+F50-0.1)*2+0.1 -> 0.5 | H52: =PI()*(6)^2/4*7.85/1000 -> 0.22195352 | I52: =PRODUCT(D52:H52) -> 27.522237
B53: =B36 -> Seno 550*450 | E53: =E36 -> 16.3 | F53: =F36 -> 0.55 | G53: =G36 -> 0.45 | H53: 0 | I53: =PRODUCT(D53:H53) -> 0
B54: 5phi16 | E54: 5 | F54: =E53 -> 16.3 | H54: =PI()*(16)^2/4*7.85/1000 -> 1.5783361 | I54: =PRODUCT(D54:H54) -> 128.6344
B55: đai6a150 | E55: =ROUNDUP(E53/0.15,0) -> 109 | F55: =(0.25+0.45-0.05)*2+0.1 -> 1.4 | H55: =PI()*(6)^2/4*7.85/1000 -> 0.22195352 | I55: =PRODUCT(D55:H55) -> 33.870107
B56: 5phi8 | E56: =E54 -> 5 | F56: =F54 -> 16.3 | H56: =PI()*(8)^2/4*7.85/1000 -> 0.39458404 | I56: =PRODUCT(D56:H56) -> 32.158599
A58: =MAX($A$6:$A49)+1 -> 18 | B58: Cốt thép lanh tô, bổ trụ, giằng tường | C58: =+C45 -> tấn | I58: =I82*70/1000 -> 0.105 | L58: =+I58*J58 -> 0 | M58: =+I58*K58 -> 0 | N58: =+SUM(L58:M58) -> 0
A59: =MAX($A$6:$A49)+1 -> 18 | B59: Lưới thép hàn cho nền (01 lớp Þ6a200) | C59: =+C49 -> tấn | I59: =SUBTOTAL(9,I60:I62)/1000 -> 0.15694333 | L59: =+I59*J59 -> 0 | M59: =+I59*K59 -> 0 | N59: =+SUM(L59:M59) -> 0
B60: phi6a200 | E60: 16.3 | F60: =ROUNDUP(4.25/0.2,0) -> 22 | H60: =PI()*(6)^2/4*7.85/1000 -> 0.22195352 | I60: =PRODUCT(D60:H60) -> 79.592533
B61: phi6a200 | E61: 4.25 | F61: =ROUNDUP(16.3/0.2,0) -> 82 | H61: =PI()*(6)^2/4*7.85/1000 -> 0.22195352 | I61: =PRODUCT(D61:H61) -> 77.350802
B64: Công tác bê tông | L64: =+SUBTOTAL(9,L65:L83) -> 0 | M64: =+SUBTOTAL(9,M65:M83) -> 0 | N64: =+SUBTOTAL(9,N65:N83) -> 0
A65: =MAX($A$6:$A64)+1 -> 19 | B65: Bê tông lót móng, đà kiềng, đá 1x2 mác 100 | C65: m3 | I65: =SUBTOTAL(9,I66:I67) -> 0.9 | L65: =+I65*J65 -> 0 | M65: =+I65*K65 -> 0 | N65: =+SUM(L65:M65) -> 0
B66: =B23 -> M1 | D66: =D23 -> 8 | E66: =E23 -> 1.5 | F66: =F23 -> 1.5 | G66: =G23 -> 0.05 | I66: =PRODUCT(D66:H66) -> 0.9
A68: =MAX($A$6:$A65)+1 -> 20 | B68: Bê tông móng, đá 1x2 mác 300 | C68: =+C65 -> m3 | I68: =SUBTOTAL(9,I69:I70) -> 4.704 | L68: =+I68*J68 -> 0 | M68: =+I68*K68 -> 0 | N68: =+SUM(L68:M68) -> 0
B69: =B26 -> M1 | D69: =D26 -> 8 | E69: =E26 -> 1.4 | F69: =F26 -> 1.4 | G69: =G26 -> 0.3 | I69: =PRODUCT(D69:H69) -> 4.704
A71: =MAX($A$6:$A68)+1 -> 21 | B71: Bê tông đà kiềng, đá 1x2, mác 300 | C71: =+C68 -> m3 | I71: =SUBTOTAL(9,I72:I73) -> 3.968 | L71: =+I71*J71 -> 0 | M71: =+I71*K71 -> 0 | N71: =+SUM(L71:M71) -> 0
B72: =B29 -> DK. 200*400 | E72: =E29 -> 49.6 | F72: =F29 -> 0.2 | G72: =G29 -> 0.4 | I72: =PRODUCT(D72:H72) -> 3.968
A74: =MAX($A$6:$A71)+1 -> 22 | B74: Bê tông nền, đá 1x2 mác 300 | C74: =+C71 -> m3 | I74: =SUBTOTAL(9,I75:I76) -> 10.39125 | L74: =+I74*J74 -> 0 | M74: =+I74*K74 -> 0 | N74: =+SUM(L74:M74) -> 0
B75: =B32 -> nền 150 | E75: =E32 -> 16.3 | F75: =F32 -> 4.25 | G75: =G32 -> 0.15 | I75: =PRODUCT(D75:H75) -> 10.39125
A77: =MAX($A$6:$A74)+1 -> 23 | B77: Bê tông cột, dầm giằng, đá 1x2 mác 300 | C77: =+C74 -> m3 | I77: =SUBTOTAL(9,I78:I81) -> 3.15875 | L77: =+I77*J77 -> 0 | M77: =+I77*K77 -> 0 | N77: =+SUM(L77:M77) -> 0
B78: =B35 -> C. 200*200 | E78: =E35 -> 0.2 | F78: =F35 -> 0.2 | G78: =G35 -> 4.6 | I78: =PRODUCT(D78:H78) -> 0.184
B79: =B36 -> Seno 550*450 | E79: =E36 -> 16.3 | F79: 0.25 | G79: =G36 -> 0.45 | I79: =PRODUCT(D79:H79) -> 1.83375
E80: =E79 -> 16.3 | F80: =0.3+0.4 -> 0.7 | G80: 0.1 | I80: =PRODUCT(D80:H80) -> 1.141
A82: =MAX($A$6:$A77)+1 -> 24 | B82: Bê tông lanh tô, bổ trụ, giằng tường đá 1x2 mác 200 | C82: =+C77 -> m3 | I82: 1.5 | L82: =+I82*J82 -> 0 | M82: =+I82*K82 -> 0 | N82: =+SUM(L82:M82) -> 0
B84: Công tác xây tô | L84: =+SUBTOTAL(9,L85:L103) -> 0 | M84: =+SUBTOTAL(9,M85:M103) -> 0 | N84: =+SUBTOTAL(9,N85:N103) -> 0
A85: =MAX($A$6:$A84)+1 -> 25 | B85: Công tác xây tường gạch ống, dày 100mm, vữa xm mác 75 | C85: m² | I85: =SUBTOTAL(9,I86:I91) -> 92.01 | L85: =+I85*J85 -> 0 | M85: =+I85*K85 -> 0 | N85: =+SUM(L85:M85) -> 0
B86: P. điện | E86: =4.8*2+4.25*2 -> 18.1 | G86: 4.6 | I86: =PRODUCT(D86:H86) -> 83.26
B87: trạm biến áp | E87: 4.25 | G87: 4.6 | I87: =PRODUCT(D87:H87) -> 19.55
B88: trừ cửa
B89: D1 | D89: 1 | E89: 2.4 | G89: 2.5 | H89: -1 | I89: =PRODUCT(D89:H89) -> -6
B90: LV1 | D90: 2 | E90: 3 | G90: 0.8 | H90: -1 | I90: =PRODUCT(D90:H90) -> -4.8
A92: =MAX($A$6:$A85)+1 -> 26 | B92: Công tác tô tường ngoài nhà, vữa xm mác 75, dày 15mm | C92: m² | I92: =SUBTOTAL(9,I93:I96) -> 72.46 | L92: =+I92*J92 -> 0 | M92: =+I92*K92 -> 0 | N92: =+SUM(L92:M92) -> 0
B93: P. điện | E93: =4.8*2+4.25*2 -> 18.1 | G93: 4.6 | H93: 1 | I93: =PRODUCT(D93:H93) -> 83.26
B94: D1 | D94: 1 | E94: 2.4 | G94: 2.5 | H94: -1 | I94: =PRODUCT(D94:H94) -> -6
B95: LV1 | D95: 2 | E95: 3 | G95: 0.8 | H95: -1 | I95: =PRODUCT(D95:H95) -> -4.8
A97: =MAX($A$6:$A92)+1 -> 27 | B97: Công tác tô tường trong, vữa xm mác 75, dày 15mm | C97: m² | I97: =SUBTOTAL(9,I98:I101) -> 111.56 | L97: =+I97*J97 -> 0 | M97: =+I97*K97 -> 0 | N97: =+SUM(L97:M97) -> 0
B98: P. điện | E98: =4.8*2+4.25*2 -> 18.1 | G98: 4.6 | H98: 1 | I98: =PRODUCT(D98:H98) -> 83.26
B99: D1 | D99: 1 | E99: 2.4 | G99: 2.5 | H99: -1 | I99: =PRODUCT(D99:H99) -> -6
B100: LV1 | D100: 2 | E100: 3 | G100: 0.8 | H100: -1 | I100: =PRODUCT(D100:H100) -> -4.8
B101: trạm biến áp | E101: 4.25 | G101: 4.6 | H101: 2 | I101: =PRODUCT(D101:H101) -> 39.1
A102: =MAX($A$6:$A97)+1 -> 28 | B102: Công tác tô cửa đi, cửa sổ, ô trống, vữa xm mác 75, dày 15mm (bao gồm làm cạnh) | C102: m | I102: =SUBTOTAL(9,I103:I105) -> 16.6 | L102: =+I102*J102 -> 0 | M102: =+I102*K102 -> 0 | N102: =+SUM(L102:M102) -> 0
B103: D1 | D103: 1 | E103: =E89 -> 2.4 | G103: =G89 -> 2.5 | I103: =D103*(E103+G103*2) -> 7.4
B104: LV1 | D104: 2 | E104: =E90 -> 3 | G104: =G90 -> 0.8 | I104: =D104*(E104+G104*2) -> 9.2
B107: Công tác sơn nước | L107: =+SUBTOTAL(9,L108:L110) -> 0 | M107: =+SUBTOTAL(9,M108:M110) -> 0 | N107: =+SUBTOTAL(9,N108:N110) -> 0
A108: =MAX($A$6:$A107)+1 -> 29 | B108: Công tác sơn nước ngoài nhà (bả ma tít, sơn lót 1 lớp, sơn 2 lớp hoàn thiện) | C108: m² | I108: =I92 -> 72.46 | L108: =+I108*J108 -> 0 | M108: =+I108*K108 -> 0 | N108: =+SUM(L108:M108) -> 0
A109: =MAX($A$6:$A108)+1 -> 30 | B109: Công tác sơn nước trong nhà (bả ma tít, sơn lót 1 lớp, sơn 2 lớp hoàn thiện) | C109: m² | I109: =I97 -> 111.56 | L109: =+I109*J109 -> 0 | M109: =+I109*K109 -> 0 | N109: =+SUM(L109:M109) -> 0
B111: Công tác nền, sàn | L111: =+SUBTOTAL(9,L112:L113) -> 0 | M111: =+SUBTOTAL(9,M112:M113) -> 0 | N111: =+SUBTOTAL(9,N112:N113) -> 0
A112: =MAX($A$6:$A111)+1 -> 31 | B112: Nền hoàn thiện bằng liquid hardener màu xám | C112: m² | I112: =I19 -> 69.275 | L112: =+I112*J112 -> 0 | M112: =+I112*K112 -> 0 | N112: =+SUM(L112:M112) -> 0
B114: Công tác cửa
A115: =MAX($A$6:$A114)+1 -> 32 | B115: GCLD cửa thép 2 cánh mở, 2 mặt tole sơn tĩnh điện không chống cháy. Bao gồm phụ kiện và lắp đặt | C115: m² | I115: =SUBTOTAL(9,I116:I117) -> 6 | L115: =+I115*J115 -> 0 | M115: =+I115*K115 -> 0 | N115: =+SUM(L115:M115) -> 0
B116: D1 | D116: =D89 -> 1 | E116: =E89 -> 2.4 | G116: =G89 -> 2.5 | I116: =PRODUCT(D116:H116) -> 6
A117: =MAX($A$6:$A115)+1 -> 33 | B117: Louver tole mạ màu dày 0.45mm có lưới chắn côn trùng bằng inox | C117: m² | I117: =SUBTOTAL(9,I118:I119) -> 4.8 | L117: =+I117*J117 -> 0 | M117: =+I117*K117 -> 0 | N117: =+SUM(L117:M117) -> 0
B118: LV1 | D118: =D90 -> 2 | E118: =E90 -> 3 | G118: =G90 -> 0.8 | I118: =PRODUCT(D118:H118) -> 4.8
B120: Công tác lợp mái và bao che
B121: Mái và bao che | C121: m2 | E121: =7.5+4 -> 11.5 | F121: 4.25 | I121: =PRODUCT(D121:H121) -> 48.875 | L121: =+I121*J121 -> 0 | M121: =+I121*K121 -> 0 | N121: =+SUM(L121:M121) -> 0
A122: =MAX($A$6:$A120)+1 -> 34 | B122: Sản xuất và lắp đặt khung bao che bằng lưới B40 cho trạm biến áp (bao gồm cửa đi) | C122: m2 | L122: =+I122*J122 -> 0 | M122: =+I122*K122 -> 0 | N122: =+SUM(L122:M122) -> 0
A123: =MAX($A$6:$A122)+1 -> 35 | B123: Sản xuất lắp đặt kết cấu thép ống đen Þ220x4.78 | C123: tấn | L123: =+I123*J123 -> 0 | M123: =+I123*K123 -> 0 | N123: =+SUM(L123:M123) -> 0
A124: =MAX($A$6:$A123)+1 -> 36 | B124: Sản xuất lắp đặt kết cấu thép ống đen Þ114x3.96 | C124: tấn | L124: =+I124*J124 -> 0 | M124: =+I124*K124 -> 0 | N124: =+SUM(L124:M124) -> 0
A125: =MAX($A$6:$A124)+1 -> 37 | B125: Bản mã các loại | C125: tấn | L125: =+I125*J125 -> 0 | M125: =+I125*K125 -> 0 | N125: =+SUM(L125:M125) -> 0
A126: =MAX($A$6:$A125)+1 -> 38 | B126: Làm sạch và sơn dầu hoàn thiện kết cấu thép | C126: m2 | L126: =+I126*J126 -> 0 | M126: =+I126*K126 -> 0 | N126: =+SUM(L126:M126) -> 0
A127: =MAX($A$6:$A126)+1 -> 39 | B127: Bulong neo | C127: bộ | L127: =+I127*J127 -> 0 | M127: =+I127*K127 -> 0 | N127: =+SUM(L127:M127) -> 0
...

Sheet Nhà Bảo Vệ
A1: =Cọc!A1 -> BẢNG KHỐI LƯỢNG MỜI THẦU
A2: =Cọc!A2 -> Dự án: Nhà Máy Sản Xuất Công Ty ….
A3: =Cọc!A3 -> Gói thầu: Thi Công Xây Dựng & Hệ Thống Cơ Điện, PCCC
A4: HẠNG MỤC: NHÀ BẢO VỆ
A6: STT | B6: NỘI DUNG CÔNG VIỆC | C6: ĐVT | D6: K. lượng | E6: Đơn giá (VNĐ) | G6: Thành tiền (VNĐ) | I6: Tổng cộng (VNĐ) | J6: Ghi chú
E7: Vật tư | F7: NC&NTC | G7: Vật tư | H7: =F7 -> NC&NTC
B9: Nhà bảo vệ | C9: m2 | D9: =(2.3+3.9)*4 -> 24.8 | G9: =E9*D9 -> 0 | H9: =F9*D9 -> 0 | I9: =H9+G9 -> 0
B10: Công tác đất | G10: =+SUBTOTAL(9,G11:G16) -> 0 | H10: =+SUBTOTAL(9,H11:H16) -> 0 | I10: =+SUBTOTAL(9,I11:I16) -> 0
A11: =MAX($A$6:$A8)+1 -> 1 | B11: Đào đất | C11: m³ | G11: =D11*E11 -> 0 | H11: =+D11*F11 -> 0 | I11: =+SUM(G11:H11) -> 0
A12: =MAX($A$6:$A11)+1 -> 2 | B12: Chỉnh sửa, ban gạt và đầm nền đất trước khi thi công công tác bê tông lót (hố móng, đà kiềng, hố pit) | C12: m2 | G12: =D12*E12 -> 0 | H12: =+D12*F12 -> 0 | I12: =+SUM(G12:H12) -> 0
A13: =MAX($A$6:$A12)+1 -> 3 | B13: Đắp đất hố móng | C13: m³ | G13: =D13*E13 -> 0 | H13: =+D13*F13 -> 0 | I13: =+SUM(G13:H13) -> 0
A14: =MAX($A$6:$A13)+1 -> 4 | B14: Cân bằng đào đắp và vận chuyển đất dư | C14: m³ | G14: =D14*E14 -> 0 | H14: =+D14*F14 -> 0 | I14: =+SUM(G14:H14) -> 0
A15: =MAX($A$6:$A14)+1 -> 5 | B15: Công tác chống mối | C15: m² | G15: =D15*E15 -> 0 | H15: =+D15*F15 -> 0 | I15: =+SUM(G15:H15) -> 0
B17: Công tác ván khuôn | G17: =+SUBTOTAL(9,G18:G25) -> 0 | H17: =+SUBTOTAL(9,H18:H25) -> 0 | I17: =+SUBTOTAL(9,I18:I25) -> 0
A18: =MAX($A$6:$A17)+1 -> 6 | B18: Công tác ván khuôn lót móng, đà kiềng | C18: m² | G18: =D18*E18 -> 0 | H18: =+D18*F18 -> 0 | I18: =+SUM(G18:H18) -> 0
A19: =MAX($A$6:$A18)+1 -> 7 | B19: Công tác ván khuôn móng | C19: m² | G19: =D19*E19 -> 0 | H19: =+D19*F19 -> 0 | I19: =+SUM(G19:H19) -> 0
A20: =MAX($A$6:$A19)+1 -> 8 | B20: Công tác ván khuôn cổ cột | C20: m² | G20: =D20*E20 -> 0 | H20: =+D20*F20 -> 0 | I20: =+SUM(G20:H20) -> 0
A21: =MAX($A$6:$A20)+1 -> 9 | B21: Công tác ván khuôn đà kiềng | C21: m² | G21: =D21*E21 -> 0 | H21: =+D21*F21 -> 0 | I21: =+SUM(G21:H21) -> 0
A22: =MAX($A$6:$A21)+1 -> 10 | B22: Công tác ván khuôn cột | C22: m² | G22: =D22*E22 -> 0 | H22: =+D22*F22 -> 0 | I22: =+SUM(G22:H22) -> 0
A23: =MAX($A$6:$A22)+1 -> 11 | B23: Công tác ván khuôn dầm sàn, sê nô | C23: m² | G23: =D23*E23 -> 0 | H23: =+D23*F23 -> 0 | I23: =+SUM(G23:H23) -> 0
A24: =MAX($A$6:$A23)+1 -> 12 | B24: Công tác ván khuôn lanh tô, bổ trụ, giằng tường, ô văng | C24: m² | G24: =D24*E24 -> 0 | H24: =+D24*F24 -> 0 | I24: =+SUM(G24:H24) -> 0
B26: Công tác cốt thép | G26: =+SUBTOTAL(9,G27:G33) -> 0 | H26: =+SUBTOTAL(9,H27:H33) -> 0 | I26: =+SUBTOTAL(9,I27:I33) -> 0
A27: =MAX($A$6:$A26)+1 -> 13 | B27: Công tác cốt thép móng | C27: tấn | G27: =D27*E27 -> 0 | H27: =+D27*F27 -> 0 | I27: =+SUM(G27:H27) -> 0
A28: =MAX($A$6:$A27)+1 -> 14 | B28: Công tác cốt thép cột | C28: tấn | G28: =D28*E28 -> 0 | H28: =+D28*F28 -> 0 | I28: =+SUM(G28:H28) -> 0
A29: =MAX($A$6:$A28)+1 -> 15 | B29: Công tác cốt thép đà kiềng | C29: tấn | G29: =D29*E29 -> 0 | H29: =+D29*F29 -> 0 | I29: =+SUM(G29:H29) -> 0
A30: =MAX($A$6:$A29)+1 -> 16 | B30: Công tác cốt thép dầm sàn, sê nô | C30: tấn | G30: =D30*E30 -> 0 | H30: =+D30*F30 -> 0 | I30: =+SUM(G30:H30) -> 0
A31: =MAX($A$6:$A30)+1 -> 17 | B31: Công tác cốt thép lanh tô, bổ trụ, giằng tường, ô văng | C31: tấn | G31: =D31*E31 -> 0 | H31: =+D31*F31 -> 0 | I31: =+SUM(G31:H31) -> 0
A32: =MAX($A$6:$A31)+1 -> 18 | B32: Công tác cốt thép nền (01 lớp lưới thép hàn Þ6a200) | C32: tấn | G32: =D32*E32 -> 0 | H32: =+D32*F32 -> 0 | I32: =+SUM(G32:H32) -> 0
B34: Công tác bê tông | G34: =+SUBTOTAL(9,G35:G41) -> 0 | H34: =+SUBTOTAL(9,H35:H41) -> 0 | I34: =+SUBTOTAL(9,I35:I41) -> 0
A35: =MAX($A$6:$A34)+1 -> 19 | B35: Công tác BT lót đá 1x2, mác M100 | C35: m³ | G35: =D35*E35 -> 0 | H35: =+D35*F35 -> 0 | I35: =+SUM(G35:H35) -> 0
A36: =MAX($A$6:$A35)+1 -> 20 | B36: Công tác BT móng, đá 1x2, mác M300 | C36: m³ | G36: =D36*E36 -> 0 | H36: =+D36*F36 -> 0 | I36: =+SUM(G36:H36) -> 0
A37: =MAX($A$6:$A36)+1 -> 21 | B37: Công tác BT cột, đá 1x2. mác M300 | C37: m³ | G37: =D37*E37 -> 0 | H37: =+D37*F37 -> 0 | I37: =+SUM(G37:H37) -> 0
A38: =MAX($A$6:$A37)+1 -> 22 | B38: Công tác BT đà kiềng, đá 1x2, mác M300 | C38: m³ | G38: =D38*E38 -> 0 | H38: =+D38*F38 -> 0 | I38: =+SUM(G38:H38) -> 0
A39: =MAX($A$6:$A38)+1 -> 23 | B39: Công tác BT dầm sàn, sê nô. Đá 1x2 mác 300 | C39: m³ | G39: =D39*E39 -> 0 | H39: =+D39*F39 -> 0 | I39: =+SUM(G39:H39) -> 0
A40: =MAX($A$6:$A39)+1 -> 24 | B40: Công tác BT lanh tô, bổ trụ, giằng tường, ô văng, bệ đỡ, đá 1x2, mác M200 | C40: m³ | G40: =D40*E40 -> 0 | H40: =+D40*F40 -> 0 | I40: =+SUM(G40:H40) -> 0
A41: =MAX($A$6:$A40)+1 -> 25 | B41: Công tác BT nền, đá 1x2, mác M300 | C41: m³ | G41: =D41*E41 -> 0 | H41: =+D41*F41 -> 0 | I41: =+SUM(G41:H41) -> 0
B43: Công tác xây tô | G43: =+SUBTOTAL(9,G44:G50) -> 0 | H43: =+SUBTOTAL(9,H44:H50) -> 0 | I43: =+SUBTOTAL(9,I44:I50) -> 0
A44: =MAX($A$6:$A43)+1 -> 26 | B44: Công tác xây tường gạch ống câu gạch thẻ, dày 200mm, vữa xm mác 75 | C44: m² | G44: =D44*E44 -> 0 | H44: =+D44*F44 -> 0 | I44: =+SUM(G44:H44) -> 0
A45: =MAX($A$6:$A44)+1 -> 27 | B45: Công tác xây tường gạch ống, dày 100mm, vữa xm mác 75 | C45: m² | G45: =D45*E45 -> 0 | H45: =+D45*F45 -> 0 | I45: =+SUM(G45:H45) -> 0
A46: =MAX($A$6:$A45)+1 -> 28 | B46: Công tác tô tường ngoài nhà, vữa xm mác 75, dày 15mm | C46: m² | G46: =D46*E46 -> 0 | H46: =+D46*F46 -> 0 | I46: =+SUM(G46:H46) -> 0
A47: =MAX($A$6:$A46)+1 -> 29 | B47: Công tác tô tường trong, vữa xm mác 75, dày 15mm | C47: m² | G47: =D47*E47 -> 0 | H47: =+D47*F47 -> 0 | I47: =+SUM(G47:H47) -> 0
A48: =MAX($A$6:$A47)+1 -> 30 | B48: Công tác mài bề mặt bê tông (cột, dầm, trần,...) | C48: m² | G48: =D48*E48 -> 0 | H48: =+D48*F48 -> 0 | I48: =+SUM(G48:H48) -> 0
A49: =MAX($A$6:$A48)+1 -> 31 | B49: Công tác tô trát cấu kiện bê tông | C49: m² | G49: =D49*E49 -> 0 | H49: =+D49*F49 -> 0 | I49: =+SUM(G49:H49) -> 0 | J49: không tô trát vị trí mài và có đóng trần
A50: =MAX($A$6:$A49)+1 -> 32 | B50: Công tác tô cửa đi, cửa sổ, ô trống, vữa xm mác 75, dày 15mm (bao gồm làm cạnh) | C50: m | G50: =D50*E50 -> 0 | H50: =+D50*F50 -> 0 | I50: =+SUM(G50:H50) -> 0
B52: Công tác sơn nước | G52: =+SUBTOTAL(9,G53:G54) -> 0 | H52: =+SUBTOTAL(9,H53:H54) -> 0 | I52: =+SUBTOTAL(9,I53:I54) -> 0
A53: =MAX($A$6:$A52)+1 -> 33 | B53: Công tác sơn nước ngoài nhà (bả ma tít, sơn lót 1 lớp, sơn 2 lớp hoàn thiện) | C53: m² | G53: =D53*E53 -> 0 | H53: =+D53*F53 -> 0 | I53: =+SUM(G53:H53) -> 0
A54: =MAX($A$6:$A53)+1 -> 34 | B54: Công tác sơn nước trong nhà (bả ma tít, sơn lót 1 lớp, sơn 2 lớp hoàn thiện) | C54: m² | G54: =D54*E54 -> 0 | H54: =+D54*F54 -> 0 | I54: =+SUM(G54:H54) -> 0
B56: Công tác nền, sàn | G56: =+SUBTOTAL(9,G57:G59) -> 0 | H56: =+SUBTOTAL(9,H57:H59) -> 0 | I56: =+SUBTOTAL(9,I57:I59) -> 0
A57: =MAX($A$6:$A56)+1 -> 35 | B57: Lu lèn nền đất k=0.95, nền trệt | C57: m² | G57: =D57*E57 -> 0 | H57: =+D57*F57 -> 0 | I57: =+SUM(G57:H57) -> 0
A58: =MAX($A$6:$A57)+1 -> 36 | B58: Nền đá 04 dày 200, đầm chặt K=0.95 | C58: m3 | G58: =D58*E58 -> 0 | H58: =+D58*F58 -> 0 | I58: =+SUM(G58:H58) -> 0
A59: =MAX($A$6:$A58)+1 -> 37 | B59: Lớp màng PE dày 0.15mm , nền trệt | C59: m² | G59: =D59*E59 -> 0 | H59: =+D59*F59 -> 0 | I59: =+SUM(G59:H59) -> 0
B61: Công tác cửa | G61: =+SUBTOTAL(9,G62:G65) -> 0 | H61: =+SUBTOTAL(9,H62:H65) -> 0 | I61: =+SUBTOTAL(9,I62:I65) -> 0
A62: =MAX($A$6:$A61)+1 -> 38 | B62: Cửa đi 01 cánh khung nhôm xingfa hệ 55 sơn tĩnh điện dày 1.4mm, kính cường lực dày 6mm. Bao gồm phụ kiện và lắp đặt | C62: m² | G62: =D62*E62 -> 0 | H62: =+D62*F62 -> 0 | I62: =+SUM(G62:H62) -> 0
A63: =MAX($A$6:$A62)+1 -> 39 | B63: Cửa sổ lùa 2 cánh khung nhôm Xingfa hệ 55, dày 1.4mm, kính trong cường lực dày 6mm. Bao gồm phụ kiện và lắp đặt | C63: m² | G63: =D63*E63 -> 0 | H63: =+D63*F63 -> 0 | I63: =+SUM(G63:H63) -> 0
A64: =MAX($A$6:$A63)+1 -> 40 | B64: Cửa sổ lật khung nhôm Xingfa hệ 55, dày 1.4mm, kính mờ cường lực dày 6mm. Bao gồm phụ kiện và lắp đặt | C64: m² | G64: =D64*E64 -> 0 | H64: =+D64*F64 -> 0 | I64: =+SUM(G64:H64) -> 0
B66: Công tác chống thấm, láng vữa | G66: =+SUBTOTAL(9,G67:G70) -> 0 | H66: =+SUBTOTAL(9,H67:H70) -> 0 | I66: =+SUBTOTAL(9,I67:I70) -> 0
A67: =MAX($A$6:$A66)+1 -> 41 | B67: Chống thấm sàn mái, sê nô, - Sản phẩm gốc Polyurethane | C67: m² | G67: =D67*E67 -> 0 | H67: =+D67*F67 -> 0 | I67: =+SUM(G67:H67) -> 0
A68: =MAX($A$6:$A67)+1 -> 42 | B68: Láng vữa xm mác 75 tạo dốc bảo vệ lớp chống thấm mái, độ dày 3cm | C68: m² | G68: =D68*E68 -> 0 | H68: =+D68*F68 -> 0 | I68: =+SUM(G68:H68) -> 0
A69: =MAX($A$6:$A68)+1 -> 43 | B69: Láng vữa xm mác 75 độ dày 2cm trước khi lát gạch | C69: m² | G69: =D69*E69 -> 0 | H69: =+D69*F69 -> 0 | I69: =+SUM(G69:H69) -> 0
B71: Công tác ốp lát gạch, đá granite | G71: =+SUBTOTAL(9,G72:G78) -> 0 | H71: =+SUBTOTAL(9,H72:H78) -> 0 | I71: =+SUBTOTAL(9,I72:I78) -> 0
A72: =MAX($A$6:$A71)+1 -> 44 | B72: Đá granite quầy tiếp nhận hồ sơ, đá dày 18±2mm | C72: m2 | G72: =D72*E72 -> 0 | H72: =+D72*F72 -> 0 | I72: =+SUM(G72:H72) -> 0
A73: =MAX($A$6:$A72)+1 -> 45 | B73: Nền gạch ceramic kích thước 400x400mm | C73: m² | G73: =D73*E73 -> 0 | H73: =+D73*F73 -> 0 | I73: =+SUM(G73:H73) -> 0
A74: =MAX($A$6:$A73)+1 -> 46 | B74: Len chân tường kích thước 400x100mm | C74: md | G74: =D74*E74 -> 0 | H74: =+D74*F74 -> 0 | I74: =+SUM(G74:H74) -> 0
A75: =MAX($A$6:$A74)+1 -> 47 | B75: Lát gạch nền vệ sinh, gạch Ceramic nhám 300x300mm. | C75: m² | G75: =D75*E75 -> 0 | H75: =+D75*F75 -> 0 | I75: =+SUM(G75:H75) -> 0
A76: =MAX($A$6:$A75)+1 -> 48 | B76: Ốp gạch tường vệ sinh, gạch Ceramic 300x600mm cao hơn trần 10cm | C76: m² | G76: =D76*E76 -> 0 | H76: =+D76*F76 -> 0 | I76: =+SUM(G76:H76) -> 0
A77: =MAX($A$6:$A76)+1 -> 49 | B77: Keo dán gạch | C77: m² | G77: =D77*E77 -> 0 | H77: =+D77*F77 -> 0 | I77: =+SUM(G77:H77) -> 0
B79: Công tác trần, vách | G79: =+SUBTOTAL(9,G80:G81) -> 0 | H79: =+SUBTOTAL(9,H80:H81) -> 0 | I79: =+SUBTOTAL(9,I80:I81) -> 0
A80: =MAX($A$6:$A79)+1 -> 50 | B80: Trần thạch cao khung nổi chống ẩm 600x600mm nhà vệ sinh | C80: m² | G80: =D80*E80 -> 0 | H80: =+D80*F80 -> 0 | I80: =+SUM(G80:H80) -> 0
A81: =MAX($A$6:$A80)+1 -> 51 | B81: Vách ngăn tiểu nam tấm compact HPL dày 12mm (bao gồm phụ kiện inox SUS304) | C81: m² | G81: =D81*E81 -> 0 | H81: =+D81*F81 -> 0 | I81: =+SUM(G81:H81) -> 0
B83: CÔNG TÁC BỔ SUNG BỞI NHÀ THẦU (nếu có)
B84: Các nội dung công tác cần bổ sung trong quá trình tính toán sẽ được liệt kê vào bên dưới mục này
B87: Cộng trước thuế | G87: =+SUBTOTAL(9,G10:G86) -> 0 | H87: =+SUBTOTAL(9,H10:H86) -> 0 | I87: =+SUBTOTAL(9,I9:I86) -> 0

Sheet Cổng+HR
A1: =Cọc!A1 -> BẢNG KHỐI LƯỢNG MỜI THẦU
A2: =Cọc!A2 -> Dự án: Nhà Máy Sản Xuất Công Ty ….
A3: =Cọc!A3 -> Gói thầu: Thi Công Xây Dựng & Hệ Thống Cơ Điện, PCCC
A4: HẠNG MỤC: CỔNG + HÀNG RÀO
A6: STT | B6: NỘI DUNG CÔNG VIỆC | C6: ĐVT | E6: Kích thước | I6: K. lượng | J6: Đơn giá (VNĐ) | L6: Thành tiền (VNĐ) | N6: Tổng cộng (VNĐ) | O6: Ghi chú
D7: SL | E7: Dài | F7: Rộng | G7: Cao | H7: Hệ số | J7: Vật tư | K7: NC&NTC | L7: Vật tư | M7: =K7 -> NC&NTC
A8: A | B8: CỔNG + BẢNG TÊN
B9: Công tác đất | L9: =+SUBTOTAL(9,L10:L19) -> 0 | M9: =+SUBTOTAL(9,M10:M19) -> 0 | N9: =+SUBTOTAL(9,N10:N19) -> 0
A10: =MAX($A$6:$A7)+1 -> 1 | B10: Đào đất | C10: m³ | I10: =SUBTOTAL(9,I11:I13) -> 20.7636 | L10: =I10*J10 -> 0 | M10: =+I10*K10 -> 0 | N10: =+SUM(L10:M10) -> 0
B11: Cổng chính | D11: 4 | E11: =1+0.1 -> 1.1 | F11: =1+0.1 -> 1.1 | G11: 1.65 | H11: 1.3 | I11: =PRODUCT(D11:H11) -> 10.3818
B12: Cổng phụ | D12: 4 | E12: =1+0.1 -> 1.1 | F12: =1+0.1 -> 1.1 | G12: 1.65 | H12: 1.3 | I12: =PRODUCT(D12:H12) -> 10.3818
A14: =MAX($A$6:$A10)+1 -> 2 | B14: Chỉnh sửa, ban gạt và đầm nền đất trước khi thi công công tác bê tông lót (hố móng, đà kiềng) | C14: m2 | I14: =SUBTOTAL(9,I15:I16) -> 135.52 | L14: =I14*J14 -> 0 | M14: =+I14*K14 -> 0 | N14: =+SUM(L14:M14) -> 0
B15: M1, M2 (1000*1000) | D15: =ROUNDUP((132.8*2+82.87*2)/4,0)+4 -> 112 | E15: =1+0.1 -> 1.1 | F15: =1+0.1 -> 1.1 | I15: =PRODUCT(D15:H15) -> 135.52
A17: =MAX($A$6:$A14)+1 -> 3 | B17: Đắp đất hố móng | C17: m³ | I17: =I10-I64-I60 -> 17.8796 | L17: =I17*J17 -> 0 | M17: =+I17*K17 -> 0 | N17: =+SUM(L17:M17) -> 0
A18: =MAX($A$6:$A17)+1 -> 4 | B18: Cân bằng đào đắp và vận chuyển đất dư | C18: m³ | I18: =I10-I17 -> 2.884 | L18: =I18*J18 -> 0 | M18: =+I18*K18 -> 0 | N18: =+SUM(L18:M18) -> 0
B20: Công tác ván khuôn | L20: =+SUBTOTAL(9,L21:L37) -> 0 | M20: =+SUBTOTAL(9,M21:M37) -> 0 | N20: =+SUBTOTAL(9,N21:N37) -> 0
A21: =MAX($A$6:$A20)+1 -> 5 | B21: Công tác ván khuôn lót móng, đà kiềng | C21: m² | I21: =SUBTOTAL(9,I22:I24) -> 1.122 | L21: =I21*J21 -> 0 | M21: =+I21*K21 -> 0 | N21: =+SUM(L21:M21) -> 0
B22: =B11 -> Cổng chính | D22: =D11 -> 4 | E22: =E11 -> 1.1 | F22: =F11 -> 1.1 | G22: 0.05 | I22: =D22*(E22+F22)*2*G22 -> 0.88
B23: Cổng phụ | D23: =D12 -> 4 | E23: =E12 -> 1.1 | F23: =F12 -> 1.1 | G23: 0.05 | I23: =PRODUCT(D23:H23) -> 0.242
A25: =MAX($A$6:$A21)+1 -> 6 | B25: Công tác ván khuôn móng | C25: m² | I25: =SUBTOTAL(9,I26:I28) -> 9.6 | L25: =I25*J25 -> 0 | M25: =+I25*K25 -> 0 | N25: =+SUM(L25:M25) -> 0
B26: =B22 -> Cổng chính | D26: =D22 -> 4 | E26: =E22-0.1 -> 1 | F26: =F22-0.1 -> 1 | G26: 0.3 | I26: =D26*(E26+F26)*2*G26 -> 4.8
B27: =B23 -> Cổng phụ | D27: =D23 -> 4 | E27: =E23-0.1 -> 1 | F27: =F23-0.1 -> 1 | G27: 0.3 | I27: =D27*(E27+F27)*2*G27 -> 4.8
A29: =MAX($A$6:$A25)+1 -> 7 | B29: Công tác ván khuôn đà kiềng | C29: m² | I29: =SUBTOTAL(9,I30:I31) -> 46.8 | L29: =I29*J29 -> 0 | M29: =+I29*K29 -> 0 | N29: =+SUM(L29:M29) -> 0
B30: DK(200*400) | E30: =31.59+26.91 -> 58.5 | F30: 0.2 | G30: 0.4 | I30: =E30*G30*2 -> 46.8
A32: =MAX($A$6:$A29)+1 -> 8 | B32: Công tác ván khuôn cột | C32: m² | I32: =SUBTOTAL(9,I33:I34) -> 28.8 | L32: =I32*J32 -> 0 | M32: =+I32*K32 -> 0 | N32: =+SUM(L32:M32) -> 0
B33: C1. 200*200 | D33: =6+6 -> 12 | E33: 0.2 | F33: 0.2 | G33: 3 | I33: =D33*(E33+F33)*2*G33 -> 28.8
A35: =MAX($A$6:$A32)+1 -> 9 | B35: Công tác ván khuôn dầm sàn | C35: m² | I35: =SUBTOTAL(9,I36:I37) -> 46.8 | L35: =I35*J35 -> 0 | M35: =+I35*K35 -> 0 | N35: =+SUM(L35:M35) -> 0
B36: GT(100*200) | E36: =E30*2 -> 117 | F36: 0.1 | G36: 0.2 | I36: =E36*G36*2 -> 46.8
B39: Công tác cốt thép | L39: =+SUBTOTAL(9,L40:L55) -> 0 | M39: =+SUBTOTAL(9,M40:M55) -> 0 | N39: =+SUBTOTAL(9,N40:N55) -> 0
A40: =MAX($A$6:$A39)+1 -> 10 | B40: Công tác cốt thép móng | C40: tấn | I40: =SUBTOTAL(9,I41:I42)/1000 -> 0.071912941 | L40: =I40*J40 -> 0 | M40: =+I40*K40 -> 0 | N40: =+SUM(L40:M40) -> 0
B41: =B26 -> Cổng chính | D41: =D26 -> 4 | E41: =E26 -> 1 | F41: =F26 -> 1 | G41: =G26 -> 0.3 | H41: 0 | I41: =PRODUCT(D41:H41) -> 0
B42: phi 18 | D42: =D41 -> 4 | E42: 0.9 | G42: 10 | H42: =PI()*(18)^2/4*7.85/1000 -> 1.9975817 | I42: =PRODUCT(D42:H42) -> 71.912941
B43: =B27 -> Cổng phụ | D43: =D27 -> 4 | E43: =E27 -> 1 | F43: =F27 -> 1 | G43: =G27 -> 0.3 | H43: 0 | I43: =PRODUCT(D43:H43) -> 0
B44: phi 18 | D44: =D43 -> 4 | E44: 0.9 | G44: 10 | H44: =PI()*(18)^2/4*7.85/1000 -> 1.9975817 | I44: =PRODUCT(D44:H44) -> 71.912941
A45: =MAX($A$6:$A40)+1 -> 11 | B45: Công tác cốt thép cột | C45: tấn | I45: =SUBTOTAL(9,I46:I49)/1000 -> 0.095870234 | L45: =I45*J45 -> 0 | M45: =+I45*K45 -> 0 | N45: =+SUM(L45:M45) -> 0
B46: =B33 -> C1. 200*200 | D46: =D33 -> 12 | E46: =E33 -> 0.2 | F46: =F33 -> 0.2 | G46: =G33 -> 3 | H46: 0 | I46: =PRODUCT(D46:H46) -> 0
B47: 4phi14 | D47: =D46 -> 12 | E47: =2.2+1.5+0.25 -> 3.95 | F47: =0.25+1.075 -> 1.325 | H47: =PI()*(14)^2/4*7.85/1000 -> 1.2084136 | I47: =PRODUCT(D47:H47) -> 75.894417
B48: đai6a200 | D48: =D47 -> 12 | E48: =ROUNDUP(G46/0.2,0) -> 15 | F48: =(E46-0.1+F46-0.1)*2+0.1 -> 0.5 | H48: =PI()*(6)^2/4*7.85/1000 -> 0.22195352 | I48: =PRODUCT(D48:H48) -> 19.975817
A50: =MAX($A$6:$A45)+1 -> 12 | B50: Công tác cốt thép đà kiềng | C50: tấn | I50: =SUBTOTAL(9,I51:I53)/1000 -> 0.56553757 | L50: =I50*J50 -> 0 | M50: =+I50*K50 -> 0 | N50: =+SUM(L50:M50) -> 0
B51: =B30 -> DK(200*400) | E51: =E30 -> 58.5 | F51: =F30 -> 0.2 | G51: =G30 -> 0.4 | H51: 0
B52: 5phi16 | E52: =E51 -> 58.5 | F52: 5 | H52: =PI()*(16)^2/4*7.85/1000 -> 1.5783361 | I52: =PRODUCT(D52:H52) -> 461.66332
B53: đai6a150 | E53: =ROUNDUP(E52/0.15,0) -> 390 | F53: =(F51+G51-0.05)*2+0.1 -> 1.2 | H53: =PI()*(6)^2/4*7.85/1000 -> 0.22195352 | I53: =PRODUCT(D53:H53) -> 103.87425
A54: =MAX($A$6:$A50)+1 -> 13 | B54: Công tác cốt thép dầm sàn | C54: tấn | I54: =SUBTOTAL(9,I55:I57)/1000 -> 0.22217547 | L54: =I54*J54 -> 0 | M54: =+I54*K54 -> 0 | N54: =+SUM(L54:M54) -> 0
B55: =B36 -> GT(100*200) | E55: =E36 -> 117 | F55: =F36 -> 0.1 | G55: =G36 -> 0.2 | H55: 0
B56: 2phi10 | E56: =E55 -> 117 | F56: 2 | H56: =PI()*(10)^2/4*7.85/1000 -> 0.61653756 | I56: =PRODUCT(D56:H56) -> 144.26979
B57: đai6a200 | E57: =ROUNDUP(E56/0.2,0) -> 585 | F57: =(F55+G55-0.05)*2+0.1 -> 0.6 | H57: =PI()*(6)^2/4*7.85/1000 -> 0.22195352 | I57: =PRODUCT(D57:H57) -> 77.905686
B59: Công tác bê tông | L59: =+SUBTOTAL(9,L60:L71) -> 0 | M59: =+SUBTOTAL(9,M60:M71) -> 0 | N59: =+SUBTOTAL(9,N60:N71) -> 0
A60: =MAX($A$6:$A59)+1 -> 14 | B60: Công tác BT lót đá 1x2, mác M100 | C60: m³ | I60: =SUBTOTAL(9,I61:I63) -> 0.484 | L60: =I60*J60 -> 0 | M60: =+I60*K60 -> 0 | N60: =+SUM(L60:M60) -> 0
B61: =B22 -> Cổng chính | D61: =D22 -> 4 | E61: =E22 -> 1.1 | F61: =F22 -> 1.1 | G61: =G22 -> 0.05 | I61: =PRODUCT(D61:H61) -> 0.242
B62: =B23 -> Cổng phụ | D62: =D23 -> 4 | E62: =E23 -> 1.1 | F62: =F23 -> 1.1 | G62: =G23 -> 0.05 | I62: =PRODUCT(D62:H62) -> 0.242
A64: =MAX($A$6:$A60)+1 -> 15 | B64: Công tác BT móng, đá 1x2, mác M250 | C64: m³ | I64: =SUBTOTAL(9,I65:I67) -> 2.4 | L64: =I64*J64 -> 0 | M64: =+I64*K64 -> 0 | N64: =+SUM(L64:M64) -> 0
B65: =B26 -> Cổng chính | D65: =D26 -> 4 | E65: =E26 -> 1 | F65: =F26 -> 1 | G65: =G26 -> 0.3 | I65: =PRODUCT(D65:H65) -> 1.2
B66: =B27 -> Cổng phụ | D66: =D27 -> 4 | E66: =E27 -> 1 | F66: =F27 -> 1 | G66: =G27 -> 0.3 | I66: =PRODUCT(D66:H66) -> 1.2
A68: =MAX($A$6:$A64)+1 -> 16 | B68: Công tác BT cột, đá 1x2. mác M250 | C68: m³ | I68: =SUBTOTAL(9,I69:I70) -> 1.44 | L68: =I68*J68 -> 0 | M68: =+I68*K68 -> 0 | N68: =+SUM(L68:M68) -> 0
B69: =B33 -> C1. 200*200 | D69: =D33 -> 12 | E69: =E33 -> 0.2 | F69: =F33 -> 0.2 | G69: =G33 -> 3 | I69: =PRODUCT(D69:H69) -> 1.44
A71: =MAX($A$6:$A68)+1 -> 17 | B71: Công tác BT đà kiềng, đá 1x2, mác M250 | C71: m³ | I71: =SUBTOTAL(9,I72:I73) -> 4.68 | L71: =I71*J71 -> 0 | M71: =+I71*K71 -> 0 | N71: =+SUM(L71:M71) -> 0
B72: =B30 -> DK(200*400) | E72: =E30 -> 58.5 | F72: =F30 -> 0.2 | G72: =G30 -> 0.4 | I72: =PRODUCT(D72:H72) -> 4.68
B75: Công tác xây tô | L75: =+SUBTOTAL(9,L76:L80) -> 0 | M75: =+SUBTOTAL(9,M76:M80) -> 0 | N75: =+SUBTOTAL(9,N76:N80) -> 0
A76: =MAX($A$6:$A75)+1 -> 18 | B76: Công tác xây tường gạch ống câu gạch thẻ, dày 200mm, vữa xm mác 75 | C76: m² | I76: =SUBTOTAL(9,I77:I79) -> 51.52 | L76: =I76*J76 -> 0 | M76: =+I76*K76 -> 0 | N76: =+SUM(L76:M76) -> 0
B77: Cổng chính | E77: =5.5*2 -> 11 | G77: 2.8 | I77: =PRODUCT(D77:H77) -> 30.8
B78: Cổng phụ | E78: =3*2+1.4 -> 7.4 | G78: 2.8 | I78: =PRODUCT(D78:H78) -> 20.72
A80: =MAX($A$6:$A79)+1 -> 19 | B80: Công tác tô tường ngoài nhà, vữa xm mác 75, dày 15mm | C80: m² | I80: =I76*2 -> 103.04 | L80: =I80*J80 -> 0 | M80: =+I80*K80 -> 0 | N80: =+SUM(L80:M80) -> 0
B82: Công tác sơn nước | L82: =+SUBTOTAL(9,L83:L83) -> 0 | M82: =+SUBTOTAL(9,M83:M83) -> 0 | N82: =+SUBTOTAL(9,N83:N83) -> 0
A83: =MAX($A$6:$A82)+1 -> 20 | B83: Công tác sơn nước ngoài nhà (bả ma tít, sơn lót 1 lớp, sơn 2 lớp hoàn thiện) | C83: m² | I83: =I80 -> 103.04 | L83: =I83*J83 -> 0 | M83: =+I83*K83 -> 0 | N83: =+SUM(L83:M83) -> 0
B85: Công tác chống thấm, láng vữa | L85: =+SUBTOTAL(9,L86:L90) -> 0 | M85: =+SUBTOTAL(9,M86:M90) -> 0 | N85: =+SUBTOTAL(9,N86:N90) -> 0
A86: =MAX($A$6:$A85)+1 -> 21 | B86: Chống thấm sàn mái - Sản phẩm gốc Polyurethane | C86: m² | I86: =SUBTOTAL(9,I87:I88) -> 9.7 | L86: =I86*J86 -> 0 | M86: =+I86*K86 -> 0 | N86: =+SUM(L86:M86) -> 0
B87: Mái cổng chính | E87: 5.5 | F87: 1 | I87: =PRODUCT(D87:H87) -> 5.5
B88: Mái cổng phụ | E88: 3 | F88: 1.4 | I88: =PRODUCT(D88:H88) -> 4.2
A89: =MAX($A$6:$A86)+1 -> 22 | B89: Láng vữa xm mác 75 tạo dốc bảo vệ lớp chống thấm mái, độ dày 3cm | C89: m² | I89: =I86 -> 9.7 | L89: =I89*J89 -> 0 | M89: =+I89*K89 -> 0 | N89: =+SUM(L89:M89) -> 0
B91: Công tác ốp lát gạch, đá granite | L91: =+SUBTOTAL(9,L92:L99) -> 0 | M91: =+SUBTOTAL(9,M92:M99) -> 0 | N91: =+SUBTOTAL(9,N92:N99) -> 0
A92: =MAX($A$6:$A91)+1 -> 23 | B92: Đá granite dày 18±2mm | C92: m2 | I92: =SUBTOTAL(9,I93:I95) -> 8.75 | L92: =I92*J92 -> 0 | M92: =+I92*K92 -> 0 | N92: =+SUM(L92:M92) -> 0
B93: Cổng chính | E93: 5.5 | G93: =0.1+0.2*2 -> 0.5 | I93: =PRODUCT(D93:H93) -> 2.75
B94: Cổng phụ | E94: 3 | G94: 0.3 | H94: 2 | I94: =PRODUCT(D94:H94) -> 1.8
B95: Cổng phụ | E95: 3 | G95: 1.4 | I95: =PRODUCT(D95:H95) -> 4.2
A96: =MAX($A$6:$A92)+1 -> 24 | B96: Tường ốp đá ong xám | C96: m² | I96: =SUBTOTAL(9,I97:I98) -> 49.9 | L96: =I96*J96 -> 0 | M96: =+I96*K96 -> 0 | N96: =+SUM(L96:M96) -> 0
B97: Cổng chính | E97: 5.5 | G97: 2.9 | H97: 2 | I97: =PRODUCT(D97:H97) -> 31.9
B98: Cổng phụ | E98: 3 | G98: 3 | H98: 2 | I98: =PRODUCT(D98:H98) -> 18
B100: Cửa | L100: =+SUBTOTAL(9,L101:L102) -> 0 | M100: =+SUBTOTAL(9,M101:M102) -> 0 | N100: =+SUBTOTAL(9,N101:N102) -> 0
A101: =MAX($A$6:$A100)+1 -> 25 | B101: Cung cấp lặt đặt cửa cổng xếp tự động bằng hợp kim nhôm. Cửa cổng chính | C101: m² | E101: 19.85 | G101: 2 | I101: =PRODUCT(D101:H101) -> 39.7 | L101: =I101*J101 -> 0 | M101: =+I101*K101 -> 0 | N101: =+SUM(L101:M101) -> 0
A102: =MAX($A$6:$A101)+1 -> 26 | B102: Cung cấp lặt đặt cửa cổng xếp tự động bằng hợp kim nhôm. Cửa cổng phụ | C102: m² | E102: 15.67 | G102: 2 | I102: =PRODUCT(D102:H102) -> 31.34 | L102: =I102*J102 -> 0 | M102: =+I102*K102 -> 0 | N102: =+SUM(L102:M102) -> 0
A103: =MAX($A$6:$A102)+1 -> 27 | B103: Cung cấp lắp đặt cửa cổng thép hộp sơn tĩnh điện | C103: m2 | D103: 2 | E103: 1.5 | G103: 2 | I103: =PRODUCT(D103:H103) -> 6 | L103: =I103*J103 -> 0 | M103: =+I103*K103 -> 0 | N103: =+SUM(L103:M103) -> 0
B105: Logo bảng hiệu | L105: =+SUBTOTAL(9,L106:L107) -> 0 | M105: =+SUBTOTAL(9,M106:M107) -> 0 | N105: =+SUBTOTAL(9,N106:N107) -> 0
A106: =MAX($A$6:$A105)+1 -> 28 | B106: Cung cấp lắp đặt logo bảng hiệu cổng chính | C106: bộ | I106: 1 | L106: =I106*J106 -> 0 | M106: =+I106*K106 -> 0 | N106: =+SUM(L106:M106) -> 0
A107: =MAX($A$6:$A106)+1 -> 29 | B107: Cung cấp lắp đặt logo bảng hiệu cổng phụ | C107: bộ | I107: 1 | L107: =I107*J107 -> 0 | M107: =+I107*K107 -> 0 | N107: =+SUM(L107:M107) -> 0
A109: B | B109: HÀNG RÀO KÍN
B110: Công tác đất
A111: =MAX($A$6:$A108)+1 -> 30 | B111: Đào đất | C111: m³ | I111: =SUBTOTAL(9,I112:I113) -> 180.59984 | L111: =I111*J111 -> 0 | M111: =+I111*K111 -> 0 | N111: =+SUM(L111:M111) -> 0
B112: M1, M2 (1000*1000) | D112: =ROUNDUP((132.8+82.87)/4,0)+1 -> 55 | E112: =1+0.1 -> 1.1 | F112: =1+0.1 -> 1.1 | G112: 1.65 | H112: 1.3 | I112: =PRODUCT(D112:H112) -> 142.74975 | L112: =I112*J112 -> 0 | M112: =+I112*K112 -> 0 | N112: =+SUM(L112:M112) -> 0
B113: DK(200*400) | E113: =132.8+82.87 -> 215.67 | F113: 0.3 | G113: 0.45 | H113: 1.3 | I113: =PRODUCT(D113:H113) -> 37.850085 | L113: =I113*J113 -> 0 | M113: =+I113*K113 -> 0 | N113: =+SUM(L113:M113) -> 0
A114: =MAX($A$6:$A111)+1 -> 31 | B114: Chỉnh sửa, ban gạt và đầm nền đất trước khi thi công công tác bê tông lót (hố móng, đà kiềng) | C114: m2 | I114: =SUBTOTAL(9,I115:I116) -> 134.881 | L114: =I114*J114 -> 0 | M114: =+I114*K114 -> 0 | N114: =+SUM(L114:M114) -> 0
B115: M1, M2 (1000*1000) | D115: =ROUNDUP((132.8+82.87)/4,0)+4 -> 58 | E115: =1+0.1 -> 1.1 | F115: =1+0.1 -> 1.1 | I115: =PRODUCT(D115:H115) -> 70.18 | L115: =I115*J115 -> 0 | M115: =+I115*K115 -> 0 | N115: =+SUM(L115:M115) -> 0
B116: DK(200*400) | E116: =E113 -> 215.67 | F116: =F113 -> 0.3 | I116: =PRODUCT(D116:H116) -> 64.701 | L116: =I116*J116 -> 0 | M116: =+I116*K116 -> 0 | N116: =+SUM(L116:M116) -> 0
A117: =MAX($A$6:$A114)+1 -> 32 | B117: Đắp đất hố móng | C117: m³ | I117: =I111-I159 -> 164.09984 | L117: =I117*J117 -> 0 | M117: =+I117*K117 -> 0 | N117: =+SUM(L117:M117) -> 0
A118: =MAX($A$6:$A117)+1 -> 33 | B118: Cân bằng đào đắp và vận chuyển đất dư | C118: m³ | I118: =I111-I117 -> 16.5 | L118: =I118*J118 -> 0 | M118: =+I118*K118 -> 0 | N118: =+SUM(L118:M118) -> 0
B120: Công tác ván khuôn
A121: =MAX($A$6:$A120)+1 -> 34 | B121: Công tác ván khuôn lót móng, đà kiềng | C121: m² | I121: =SUBTOTAL(9,I122:I123) -> 15.33505 | L121: =I121*J121 -> 0 | M121: =+I121*K121 -> 0 | N121: =+SUM(L121:M121) -> 0
B122: =B112 -> M1, M2 (1000*1000) | D122: =D112 -> 55 | E122: =E112 -> 1.1 | F122: =F112 -> 1.1 | G122: 0.05 | I122: =D122*(E122+F122)*2*G122 -> 12.1 | L122: =I122*J122 -> 0 | M122: =+I122*K122 -> 0 | N122: =+SUM(L122:M122) -> 0
B123: =B113 -> DK(200*400) | E123: =E113 -> 215.67 | F123: =F113 -> 0.3 | G123: 0.05 | I123: =E123*F123*G123 -> 3.23505 | L123: =I123*J123 -> 0 | M123: =+I123*K123 -> 0 | N123: =+SUM(L123:M123) -> 0
A124: =MAX($A$6:$A121)+1 -> 35 | B124: Công tác ván khuôn móng | C124: m² | I124: =SUBTOTAL(9,I125:I126) -> 66 | L124: =I124*J124 -> 0 | M124: =+I124*K124 -> 0 | N124: =+SUM(L124:M124) -> 0
B125: =B122 -> M1, M2 (1000*1000) | D125: =D122 -> 55 | E125: =E122-0.1 -> 1 | F125: =F122-0.1 -> 1 | G125: 0.3 | I125: =D125*(E125+F125)*2*G125 -> 66 | L125: =I125*J125 -> 0 | M125: =+I125*K125 -> 0 | N125: =+SUM(L125:M125) -> 0
...

Sheet Bể PCCC
A1: =Cọc!A1 -> BẢNG KHỐI LƯỢNG MỜI THẦU
A2: =Cọc!A2 -> Dự án: Nhà Máy Sản Xuất Công Ty ….
A3: =Cọc!A3 -> Gói thầu: Thi Công Xây Dựng & Hệ Thống Cơ Điện, PCCC
A4: HẠNG MỤC: BỂ PCCC
A6: STT | B6: NỘI DUNG CÔNG VIỆC | C6: ĐVT | E6: Kích thước | I6: K. lượng | J6: Đơn giá (VNĐ) | L6: Thành tiền (VNĐ) | N6: Tổng cộng (VNĐ) | O6: Ghi chú
D7: SL | E7: Dài | F7: Rộng | G7: Cao | H7: Hệ số | J7: Vật tư | K7: NC&NTC | L7: Vật tư | M7: =K7 -> NC&NTC
B9: Công tác đất | L9: =+SUBTOTAL(9,L10:L16) -> 0 | M9: =+SUBTOTAL(9,M10:M16) -> 0 | N9: =+SUBTOTAL(9,N10:N16) -> 0
A10: =MAX($A$6:$A8)+1 -> 1 | B10: Đào đất | C10: m³ | I10: =SUBTOTAL(9,I11:I12) -> 1341.78 | L10: =I10*J10 -> 0 | M10: =+I10*K10 -> 0 | N10: =+SUM(L10:M10) -> 0
B11: Đáy | E11: =31.5+0.6 -> 32.1 | F11: =7+0.6 -> 7.6 | G11: =5.4+0.1 -> 5.5 | I11: =PRODUCT(D11:H11) -> 1341.78
A13: =MAX($A$6:$A10)+1 -> 2 | B13: Chỉnh sửa, ban gạt và đầm nền đất trước khi thi công công tác bê tông lót | C13: m2 | I13: =E11*F11 -> 243.96 | L13: =I13*J13 -> 0 | M13: =+I13*K13 -> 0 | N13: =+SUM(L13:M13) -> 0
A14: =MAX($A$6:$A13)+1 -> 3 | B14: Đắp đất hố móng | C14: m³ | I14: =I10*0.3 -> 402.534 | L14: =I14*J14 -> 0 | M14: =+I14*K14 -> 0 | N14: =+SUM(L14:M14) -> 0
A15: =MAX($A$6:$A14)+1 -> 4 | B15: Cân bằng đào đắp và vận chuyển đất dư | C15: m³ | I15: =I10-I14 -> 939.246 | L15: =I15*J15 -> 0 | M15: =+I15*K15 -> 0 | N15: =+SUM(L15:M15) -> 0
B17: Công tác ván khuôn | L17: =+SUBTOTAL(9,L18:L32) -> 0 | M17: =+SUBTOTAL(9,M18:M32) -> 0 | N17: =+SUBTOTAL(9,N18:N32) -> 0
A18: =MAX($A$6:$A17)+1 -> 5 | B18: Công tác ván khuôn lót | C18: m² | I18: =SUBTOTAL(9,I19:I20) -> 7.94 | L18: =I18*J18 -> 0 | M18: =+I18*K18 -> 0 | N18: =+SUM(L18:M18) -> 0
B19: =B11 -> Đáy | E19: =E11 -> 32.1 | F19: =F11 -> 7.6 | G19: 0.1 | I19: =(E19+F19)*2*G19 -> 7.94
A21: =MAX($A$6:$A18)+1 -> 6 | B21: Công tác ván khuôn đáy bể nước | C21: m² | I21: =SUBTOTAL(9,I22:I23) -> 38.5 | L21: =I21*J21 -> 0 | M21: =+I21*K21 -> 0 | N21: =+SUM(L21:M21) -> 0
B22: =B11 -> Đáy | E22: =E19-0.6 -> 31.5 | F22: =F19-0.6 -> 7 | G22: 0.5 | I22: =(E22+F22)*2*G22 -> 38.5
A24: =MAX($A$6:$A21)+1 -> 7 | B24: Công tác ván khuôn vách | C24: m² | I24: =SUBTOTAL(9,I25:I27) -> 823.2 | L24: =I24*J24 -> 0 | M24: =+I24*K24 -> 0 | N24: =+SUM(L24:M24) -> 0
B25: vách trục A-B | D25: 2 | E25: =E22 -> 31.5 | F25: 0.25 | G25: 4.9 | I25: =D25*E25*G25*2 -> 617.4
B26: vách trục 1,2,7 | D26: 3 | E26: =F22 -> 7 | F26: 0.25 | G26: 4.9 | I26: =D26*E26*G26*2 -> 205.8
A28: =MAX($A$6:$A24)+1 -> 8 | B28: Công tác ván khuôn cột | C28: m² | I28: =SUBTOTAL(9,I29:I30) -> 54.88 | L28: =I28*J28 -> 0 | M28: =+I28*K28 -> 0 | N28: =+SUM(L28:M28) -> 0
B29: C1 (300*400) | D29: 8 | E29: 0.3 | F29: 0.4 | G29: =5.3-0.4 -> 4.9 | I29: =D29*(E29+F29)*2*G29 -> 54.88
A31: =MAX($A$6:$A28)+1 -> 9 | B31: Công tác ván khuôn dầm sàn nắp bể nước | C31: m² | I31: =SUBTOTAL(9,I32:I36) -> 325.5 | L31: =I31*J31 -> 0 | M31: =+I31*K31 -> 0 | N31: =+SUM(L31:M31) -> 0
B32: Nắp | E32: =E22 -> 31.5 | F32: =F22 -> 7 | G32: 0.2 | I32: =(E32+F32)*2*G32 -> 15.4
E33: =E32 -> 31.5 | F33: =F32 -> 7 | I33: =E33*F33 -> 220.5
B34: D. 300*400 | E34: =F32*5 -> 35 | F34: 0.3 | G34: 0.4 | I34: =E34*G34*2 -> 28
B35: D. 250*400 | E35: =(E32+F32)*2 -> 77 | F35: 0.25 | G35: 0.4 | I35: =E35*G35*2 -> 61.6
B38: Công tác cốt thép | L38: =+SUBTOTAL(9,L39:L58) -> 0 | M38: =+SUBTOTAL(9,M39:M58) -> 0 | N38: =+SUBTOTAL(9,N39:N58) -> 0
A39: =MAX($A$6:$A38)+1 -> 10 | B39: Công tác cốt thép đáy bể nước | C39: tấn | I39: =SUBTOTAL(9,I40:I45)/1000*1.2 -> 7.6394182 | L39: =I39*J39 -> 0 | M39: =+I39*K39 -> 0 | N39: =+SUM(L39:M39) -> 0
B40: =B22 -> Đáy | E40: =E22 -> 31.5 | F40: =F22 -> 7 | G40: =G22 -> 0.5 | H40: 0 | I40: =PRODUCT(D40:H40) -> 0
B41: phi 14a200 | D41: 2 | E41: =E40 -> 31.5 | F41: 39 | H41: =PI()*(14)^2/4*7.85/1000 -> 1.2084136 | I41: =PRODUCT(D41:H41) -> 2969.0723
B42: phi 14a200 | D42: 2 | E42: =F40 -> 7 | F42: 161 | H42: =PI()*(14)^2/4*7.85/1000 -> 1.2084136 | I42: =PRODUCT(D42:H42) -> 2723.7643
B43: Chân chó phi 10 | E43: =0.25+0.3+0.25-0.1 -> 0.7 | F43: =ROUNDUP(E40*F40/1,0) -> 221 | H43: =PI()*(10)^2/4*7.85/1000 -> 0.61653756 | I43: =PRODUCT(D43:H43) -> 95.37836
B44: tăng cường phi12 | E44: 1.5 | F44: =38*3+160*2 -> 434 | H44: =PI()*(12)^2/4*7.85/1000 -> 0.88781408 | I44: =PRODUCT(D44:H44) -> 577.96697
A46: =MAX($A$6:$A39)+1 -> 11 | B46: Công tác cốt thép cột | C46: tấn | I46: =SUBTOTAL(9,I47:I48)/1000*1.2 -> 0.64384277 | L46: =I46*J46 -> 0 | M46: =+I46*K46 -> 0 | N46: =+SUM(L46:M46) -> 0
B47: 10phi18 | D47: =D29 -> 8 | E47: 10 | F47: =5.3+0.25 -> 5.55 | H47: =PI()*(14)^2/4*7.85/1000 -> 1.2084136 | I47: =PRODUCT(D47:H47) -> 536.53564
A49: =MAX($A$6:$A46)+1 -> 12 | B49: Công tác cốt thép vách | C49: tấn | I49: =SUBTOTAL(9,I50:I56)/1000*1.2 -> 13.999526 | L49: =I49*J49 -> 0 | M49: =+I49*K49 -> 0 | N49: =+SUM(L49:M49) -> 0
B50: =B25 -> vách trục A-B | D50: =D25 -> 2 | E50: =E25 -> 31.5 | F50: =F25 -> 0.25 | G50: =G25 -> 4.9 | H50: 0 | I50: =PRODUCT(D50:H50) -> 0
B51: phi16a200 | D51: =D50 -> 2 | E51: =5.5+0.25 -> 5.75 | F51: =158*2 -> 316 | H51: =PI()*(16)^2/4*7.85/1000 -> 1.5783361 | I51: =PRODUCT(D51:H51) -> 5735.6736
B52: phi12a200 | D52: =D51 -> 2 | E52: =31.5+0.4 -> 31.9 | F52: =26*2 -> 52 | H52: =PI()*(12)^2/4*7.85/1000 -> 0.88781408 | I52: =PRODUCT(D52:H52) -> 2945.412
B53: =B26 -> vách trục 1,2,7 | D53: =D26 -> 3 | E53: =E26 -> 7 | F53: =F26 -> 0.25 | G53: =G26 -> 4.9 | H53: 0 | I53: =PRODUCT(D53:H53) -> 0
B54: phi16a200 | D54: =D53 -> 3 | E54: =5.5+0.25 -> 5.75 | F54: =36*2 -> 72 | H54: =PI()*(16)^2/4*7.85/1000 -> 1.5783361 | I54: =PRODUCT(D54:H54) -> 1960.2935
B55: phi12a200 | D55: =D54 -> 3 | E55: =7+0.4 -> 7.4 | F55: =26*2 -> 52 | H55: =PI()*(12)^2/4*7.85/1000 -> 0.88781408 | I55: =PRODUCT(D55:H55) -> 1024.8926
A57: =MAX($A$6:$A49)+1 -> 13 | B57: Công tác cốt thép dầm sàn nắp bể nước | C57: tấn | I57: =SUBTOTAL(9,I58:I69)/1000*1.2 -> 7.7594892 | L57: =I57*J57 -> 0 | M57: =+I57*K57 -> 0 | N57: =+SUM(L57:M57) -> 0
B58: =B32 -> Nắp | E58: =E32 -> 31.5 | F58: =F32 -> 7 | G58: =G32 -> 0.2 | H58: 0 | I58: =PRODUCT(D58:H58) -> 0
B59: phi 12a140 | D59: 2 | E59: =E58 -> 31.5 | F59: 33 | H59: =PI()*(12)^2/4*7.85/1000 -> 0.88781408 | I59: =PRODUCT(D59:H59) -> 1845.7655
B60: phi 12a200 | D60: 2 | E60: =F58 -> 7 | F60: 222 | H60: =PI()*(12)^2/4*7.85/1000 -> 0.88781408 | I60: =PRODUCT(D60:H60) -> 2759.3262
B61: =B34 -> D. 300*400 | E61: =E34 -> 35 | F61: =F34 -> 0.3 | G61: =G34 -> 0.4 | H61: 0 | I61: =PRODUCT(D61:H61) -> 0
B62: 10phi18 | E62: =E61 -> 35 | F62: 10 | H62: =PI()*(18)^2/4*7.85/1000 -> 1.9975817 | I62: =PRODUCT(D62:H62) -> 699.15359
B63: đai8a150 | E63: =ROUNDUP(E62/0.15,0) -> 234 | F63: =(F61+G61-0.05)*2+0.1 -> 1.4 | H63: =PI()*(8)^2/4*7.85/1000 -> 0.39458404 | I63: =PRODUCT(D63:H63) -> 129.26573
B64: =B35 -> D. 250*400 | E64: =E35 -> 77 | F64: =F35 -> 0.25 | G64: =G35 -> 0.4 | H64: 0 | I64: =PRODUCT(D64:H64) -> 0
B65: 5phi18 | E65: =E64 -> 77 | F65: 5 | H65: =PI()*(18)^2/4*7.85/1000 -> 1.9975817 | I65: =PRODUCT(D65:H65) -> 769.06895
B66: đai8a150 | E66: =ROUNDUP(E65/0.15,0) -> 514 | F66: =(F64+G64-0.05)*2+0.1 -> 1.3 | H66: =PI()*(8)^2/4*7.85/1000 -> 0.39458404 | I66: =PRODUCT(D66:H66) -> 263.66105
B69: Công tác bê tông | L69: =+SUBTOTAL(9,L70:L90) -> 0 | M69: =+SUBTOTAL(9,M70:M90) -> 0 | N69: =+SUBTOTAL(9,N70:N90) -> 0
A70: =MAX($A$6:$A69)+1 -> 14 | B70: Công tác BT lót đá 1x2, mác M100 | C70: m³ | I70: =SUBTOTAL(9,I71:I72) -> 24.396 | L70: =I70*J70 -> 0 | M70: =+I70*K70 -> 0 | N70: =+SUM(L70:M70) -> 0
B71: =B19 -> Đáy | E71: =E19 -> 32.1 | F71: =F19 -> 7.6 | G71: =G19 -> 0.1 | I71: =PRODUCT(D71:H71) -> 24.396
A73: =MAX($A$6:$A70)+1 -> 15 | B73: Công tác BT đáy bể, đá 1x2, mác M300 có phụ gia chống thấm B8 | C73: m³ | I73: =SUBTOTAL(9,I74:I75)*1.05 -> 115.7625 | L73: =I73*J73 -> 0 | M73: =+I73*K73 -> 0 | N73: =+SUM(L73:M73) -> 0
B74: =B22 -> Đáy | E74: =E22 -> 31.5 | F74: =F22 -> 7 | G74: =G22 -> 0.5 | I74: =PRODUCT(D74:H74) -> 110.25
A76: =MAX($A$6:$A73)+1 -> 16 | B76: Công tác BT cột, đá 1x2. mác M300 có phụ gia chống thấm B8 | C76: m³ | I76: =SUBTOTAL(9,I77:I78)*1.05 -> 4.9392 | L76: =I76*J76 -> 0 | M76: =+I76*K76 -> 0 | N76: =+SUM(L76:M76) -> 0
B77: C1 (300*400) | D77: =D29 -> 8 | E77: =E29 -> 0.3 | F77: =F29 -> 0.4 | G77: =G29 -> 4.9 | I77: =PRODUCT(D77:H77) -> 4.704
A79: =MAX($A$6:$A76)+1 -> 17 | B79: Công tác BT vách bể, đá 1x2, mác M300 có phụ gia chống thấm B8 | C79: m³ | I79: =SUBTOTAL(9,I80:I82)*1.05 -> 108.045 | L79: =I79*J79 -> 0 | M79: =+I79*K79 -> 0 | N79: =+SUM(L79:M79) -> 0
B80: =B25 -> vách trục A-B | D80: =D25 -> 2 | E80: =E25 -> 31.5 | F80: =F25 -> 0.25 | G80: =G25 -> 4.9 | I80: =PRODUCT(D80:H80) -> 77.175
B81: =B26 -> vách trục 1,2,7 | D81: =D26 -> 3 | E81: =E26 -> 7 | F81: =F26 -> 0.25 | G81: =G26 -> 4.9 | I81: =PRODUCT(D81:H81) -> 25.725
A83: =MAX($A$6:$A79)+1 -> 18 | B83: Công tác BT dầm sàn nắp bể. Đá 1x2 mác 300 | C83: m³ | I83: =SUBTOTAL(9,I84:I88) -> 56 | L83: =I83*J83 -> 0 | M83: =+I83*K83 -> 0 | N83: =+SUM(L83:M83) -> 0
B84: =B32 -> Nắp | E84: =E32 -> 31.5 | F84: =F32 -> 7 | G84: =G32 -> 0.2 | I84: =PRODUCT(D84:H84) -> 44.1
I85: =PRODUCT(D85:H85) -> 0
B86: =B34 -> D. 300*400 | E86: =E34 -> 35 | F86: =F34 -> 0.3 | G86: =G34 -> 0.4 | I86: =PRODUCT(D86:H86) -> 4.2
B87: =B35 -> D. 250*400 | E87: =E35 -> 77 | F87: =F35 -> 0.25 | G87: =G35 -> 0.4 | I87: =PRODUCT(D87:H87) -> 7.7
A89: =MAX($A$6:$A83)+1 -> 19 | B89: Xoa phẳng bề mặt bê tông nắp bể | C89: m2 | I89: =31.5*7 -> 220.5 | L89: =I89*J89 -> 0 | M89: =+I89*K89 -> 0 | N89: =+SUM(L89:M89) -> 0
B91: Công tác chống thấm, láng vữa | L91: =+SUBTOTAL(9,L92:L95) -> 0 | M91: =+SUBTOTAL(9,M92:M95) -> 0 | N91: =+SUBTOTAL(9,N92:N95) -> 0
A92: =MAX($A$6:$A91)+1 -> 20 | B92: Chống thấm mặt trong bể nước - Sản phẩm Sikalastic-612 | C92: m² | I92: =I89 -> 220.5 | L92: =I92*J92 -> 0 | M92: =+I92*K92 -> 0 | N92: =+SUM(L92:M92) -> 0
A93: =MAX($A$6:$A92)+1 -> 21 | B93: Láng vữa xm mác 75 đáy bể nước bảo vệ lớp chống thấm mái, độ dày 3cm | C93: m² | I93: =I89 -> 220.5 | L93: =I93*J93 -> 0 | M93: =+I93*K93 -> 0 | N93: =+SUM(L93:M93) -> 0
A94: =MAX($A$6:$A93)+1 -> 22 | B94: Trát mặt trong vách bể, vữa xm mác 75, độ dày 1.5cm | C94: m² | I94: =SUBTOTAL(9,I95:I97) -> 445.9 | L94: =I94*J94 -> 0 | M94: =+I94*K94 -> 0 | N94: =+SUM(L94:M94) -> 0
B95: vách trục A-B | D95: =D25 -> 2 | E95: =E25 -> 31.5 | F95: =F25 -> 0.25 | G95: =G25 -> 4.9 | I95: =D95*E95*G95 -> 308.7
B96: vách trục 1,2,7 | D96: =D26 -> 3 | E96: =E26 -> 7 | F96: =F26 -> 0.25 | G96: =G26 -> 4.9 | I96: =(D96+1)*E96*G96 -> 137.2
B99: Công tác khác | L99: =+SUBTOTAL(9,L100:L104) -> 0 | M99: =+SUBTOTAL(9,M100:M104) -> 0 | N99: =+SUBTOTAL(9,N100:N104) -> 0
A100: =MAX($A$6:$A99)+1 -> 23 | B100: Mạch ngừng sika water bar V20 | C100: m | I100: =31.5*7 -> 220.5 | L100: =I100*J100 -> 0 | M100: =+I100*K100 -> 0 | N100: =+SUM(L100:M100) -> 0
A101: =MAX($A$6:$A100)+1 -> 24 | B101: Thang thăm bể bằng inox 304 | C101: m | I101: 5.23 | L101: =I101*J101 -> 0 | M101: =+I101*K101 -> 0 | N101: =+SUM(L101:M101) -> 0
A102: =MAX($A$6:$A101)+1 -> 25 | B102: Nắp thăm KT 800x800 bằng gang | C102: pcs | I102: 2 | L102: =I102*J102 -> 0 | M102: =+I102*K102 -> 0 | N102: =+SUM(L102:M102) -> 0
A103: =MAX($A$6:$A102)+1 -> 26 | B103: Biện pháp thi công bể nước | C103: lot | I103: 1 | L103: =I103*J103 -> 0 | M103: =+I103*K103 -> 0 | N103: =+SUM(L103:M103) -> 0 | O103: bao gồm
B105: CÔNG TÁC BỔ SUNG BỞI NHÀ THẦU (nếu có)
B106: Các nội dung công tác cần bổ sung trong quá trình tính toán sẽ được liệt kê vào bên dưới mục này
B109: Cộng trước thuế | L109: =+SUBTOTAL(9,L9:L108) -> 0 | M109: =+SUBTOTAL(9,M9:M108) -> 0 | N109: =+SUBTOTAL(9,N9:N108) -> 0

Sheet Bể XLNT
A1: =[70]Cọc!A1 -> BẢNG KHỐI LƯỢNG MỜI THẦU
A2: ='TỔNG HỢP'!A2 -> Dự án: Nhà Máy Sản Xuất Công Ty ….
A3: =[70]Cọc!A3 -> Gói thầu: Thi Công Xây Dựng & Hệ Thống Cơ Điện, PCCC
A4: HẠNG MỤC: BỂ XỬ LÍ NƯỚC THẢI
A6: STT | B6: NỘI DUNG CÔNG VIỆC | C6: ĐVT | E6: Kích thước | I6: K. lượng | J6: Đơn giá (VNĐ) | L6: Thành tiền (VNĐ) | N6: Tổng cộng (VNĐ) | O6: Ghi chú
D7: SL | E7: Dài | F7: Rộng | G7: Cao | H7: Hệ số | J7: Vật tư | K7: NC&NTC | L7: Vật tư | M7: =K7 -> NC&NTC
B9: Công tác đất | L9: =+SUBTOTAL(9,L10:L17) -> #REF! | M9: =+SUBTOTAL(9,M10:M17) -> #REF! | N9: =+SUBTOTAL(9,N10:N17) -> #REF!
A10: =MAX($A$6:$A8)+1 -> 1 | B10: Đào đất | C10: m³ | I10: =SUBTOTAL(9,I11:I13) -> 3811.5792 | J10: =#REF!*#REF! -> #REF! | K10: =#REF!*#REF! -> #REF! | L10: =I10*J10 -> #REF! | M10: =+I10*K10 -> #REF! | N10: =+SUM(L10:M10) -> #REF!
B11: Đáy Bể XLNT | E11: =52.5+0.2 -> 52.7 | F11: =8.6+0.2 -> 8.8 | G11: 5.4 | H11: 1.3 | I11: =PRODUCT(D11:H11) -> 3255.5952
B12: Đáy Bể XLNT dệt | E12: =8.8+0.2 -> 9 | F12: =8.6+0.2 -> 8.8 | G12: 5.4 | H12: 1.3 | I12: =PRODUCT(D12:H12) -> 555.984
A14: =MAX($A$6:$A10)+1 -> 2 | B14: Chỉnh sửa, ban gạt và đầm nền đất trước khi thi công công tác bê tông lót | C14: m2 | I14: =E11*F11 -> 463.76 | J14: =#REF!*#REF! -> #REF! | K14: =#REF!*#REF! -> #REF! | L14: =I14*J14 -> #REF! | M14: =+I14*K14 -> #REF! | N14: =+SUM(L14:M14) -> #REF!
A15: =MAX($A$6:$A14)+1 -> 3 | B15: Đắp đất hố móng | C15: m³ | I15: =I10*0.3 -> 1143.4738 | J15: =#REF!*#REF! -> #REF! | K15: =#REF!*#REF! -> #REF! | L15: =I15*J15 -> #REF! | M15: =+I15*K15 -> #REF! | N15: =+SUM(L15:M15) -> #REF!
A16: =MAX($A$6:$A15)+1 -> 4 | B16: Cân bằng đào đắp và vận chuyển đất dư | C16: m³ | I16: =I10-I15 -> 2668.1054 | J16: =#REF!*#REF! -> #REF! | K16: =#REF!*#REF! -> #REF! | L16: =I16*J16 -> #REF! | M16: =+I16*K16 -> #REF! | N16: =+SUM(L16:M16) -> #REF!
B18: Công tác ván khuôn | L18: =+SUBTOTAL(9,L19:L43) -> #REF! | M18: =+SUBTOTAL(9,M19:M43) -> #REF! | N18: =+SUBTOTAL(9,N19:N43) -> #REF!
A19: =MAX($A$6:$A18)+1 -> 5 | B19: Công tác ván khuôn lót | C19: m² | I19: =SUBTOTAL(9,I20:I22) -> 15.86 | J19: =#REF!*#REF! -> #REF! | K19: =#REF!*#REF! -> #REF! | L19: =I19*J19 -> #REF! | M19: =+I19*K19 -> #REF! | N19: =+SUM(L19:M19) -> #REF!
B20: =B11 -> Đáy Bể XLNT | E20: =E11 -> 52.7 | F20: =F11 -> 8.8 | G20: 0.1 | I20: =(E20+F20)*2*G20 -> 12.3
B21: =B12 -> Đáy Bể XLNT dệt | E21: =E12 -> 9 | F21: =F12 -> 8.8 | G21: 0.1 | I21: =(E21+F21)*2*G21 -> 3.56
A23: =MAX($A$6:$A19)+1 -> 6 | B23: Công tác ván khuôn đáy bể nước | C23: m² | I23: =SUBTOTAL(9,I24:I26)*1.3 -> 61.23 | J23: =#REF!*#REF! -> #REF! | K23: =#REF!*#REF! -> #REF! | L23: =I23*J23 -> #REF! | M23: =+I23*K23 -> #REF! | N23: =+SUM(L23:M23) -> #REF!
B24: =B20 -> Đáy Bể XLNT | E24: =E20-0.2 -> 52.5 | F24: =F20-0.2 -> 8.6 | G24: 0.3 | I24: =(E24+F24)*2*G24 -> 36.66
B25: =B21 -> Đáy Bể XLNT dệt | E25: =E21-0.2 -> 8.8 | F25: =F21-0.2 -> 8.6 | G25: 0.3 | I25: =(E25+F25)*2*G25 -> 10.44
A27: =MAX($A$6:$A23)+1 -> 7 | B27: Công tác ván khuôn vách | C27: m² | I27: =SUBTOTAL(9,I28:I34) -> 2322.24 | J27: =#REF!*#REF! -> #REF! | K27: =#REF!*#REF! -> #REF! | L27: =I27*J27 -> #REF! | M27: =+I27*K27 -> #REF! | N27: =+SUM(L27:M27) -> #REF!
B28: Bể XLNT
B29: vách bao | D29: 1 | E29: =(E20+F20)*2 -> 123 | F29: 0.3 | G29: 4.8 | I29: =D29*E29*G29*2 -> 1180.8
B30: vách ngăn | D30: 8 | E30: =F20 -> 8.8 | F30: 0.2 | G30: 4.8 | I30: =D30*E30*G30*2 -> 675.84
B31: Bể XLNT dệt
B32: vách bao | D32: 1 | E32: =(E21+F21)*2 -> 35.6 | F32: 0.3 | G32: 4.8 | I32: =D32*E32*G32*2 -> 341.76
B33: vách ngăn | D33: 1 | E33: =8.6+4.3 -> 12.9 | F33: 0.2 | G33: 4.8 | I33: =D33*E33*G33*2 -> 123.84
A35: =MAX($A$6:$A27)+1 -> 8 | B35: Công tác ván khuôn cột | C35: m² | I35: 0 | J35: =#REF!*#REF! -> #REF! | K35: =#REF!*#REF! -> #REF! | L35: =I35*J35 -> #REF! | M35: =+I35*K35 -> #REF! | N35: =+SUM(L35:M35) -> #REF!
A36: =MAX($A$6:$A35)+1 -> 9 | B36: Công tác ván khuôn dầm sàn nắp bể nước | C36: m² | I36: =SUBTOTAL(9,I38:I43) -> 558.58 | J36: =#REF!*#REF! -> #REF! | K36: =#REF!*#REF! -> #REF! | L36: =I36*J36 -> #REF! | M36: =+I36*K36 -> #REF! | N36: =+SUM(L36:M36) -> #REF!
B37: Bể XLNT
B38: Nắp | E38: =E24 -> 52.5 | F38: =F24 -> 8.6 | G38: 0.2 | I38: =(E38+F38)*2*G38 -> 24.44
E39: =E38 -> 52.5 | F39: =F38 -> 8.6 | I39: =E39*F39 -> 451.5
B40: Bể XLNT dệt
B41: Nắp | E41: =E25 -> 8.8 | F41: =F25 -> 8.6 | G41: 0.2 | I41: =(E41+F41)*2*G41 -> 6.96
E42: =E41 -> 8.8 | F42: =F41 -> 8.6 | I42: =E42*F42 -> 75.68
B44: Công tác cốt thép | L44: =+SUBTOTAL(9,L45:L81) -> #REF! | M44: =+SUBTOTAL(9,M45:M81) -> #REF! | N44: =+SUBTOTAL(9,N45:N81) -> #REF!
A45: =MAX($A$6:$A44)+1 -> 10 | B45: Công tác cốt thép đáy bể nước | C45: tấn | I45: =SUBTOTAL(9,I46:I54)/1000*1.2 -> 15.343842 | J45: =#REF!*#REF! -> #REF! | K45: =#REF!*#REF! -> #REF! | L45: =I45*J45 -> #REF! | M45: =+I45*K45 -> #REF! | N45: =+SUM(L45:M45) -> #REF!
B46: =B20 -> Đáy Bể XLNT | E46: =E24 -> 52.5 | F46: =F24 -> 8.6 | G46: =G24 -> 0.3 | H46: 0 | I46: =PRODUCT(D46:H46) -> 0
B47: phi 12a150 | D47: 2 | E47: =E46 -> 52.5 | F47: =ROUNDUP(F46/0.15,0) -> 58 | H47: =PI()*(12)^2/4*7.85/1000 -> 0.88781408 | I47: =PRODUCT(D47:H47) -> 5406.7878
B48: phi 12a150 | D48: 2 | E48: =F46 -> 8.6 | F48: =ROUNDUP(E46/0.15,0) -> 350 | H48: =PI()*(12)^2/4*7.85/1000 -> 0.88781408 | I48: =PRODUCT(D48:H48) -> 5344.6408
B49: Chân chó phi 10 | E49: =0.25+0.3+0.25-0.1 -> 0.7 | F49: =ROUNDUP(E46*F46/1,0) -> 452 | H49: =PI()*(10)^2/4*7.85/1000 -> 0.61653756 | I49: =PRODUCT(D49:H49) -> 195.07248
B50: =B25 -> Đáy Bể XLNT dệt | E50: =E25 -> 8.8 | F50: =F25 -> 8.6 | G50: =G25 -> 0.3 | H50: 0 | I50: =PRODUCT(D50:H50) -> 0
B51: phi 12a150 | D51: 2 | E51: =E50 -> 8.8 | F51: =ROUNDUP(F50/0.15,0) -> 58 | H51: =PI()*(12)^2/4*7.85/1000 -> 0.88781408 | I51: =PRODUCT(D51:H51) -> 906.28062
B52: phi 12a150 | D52: 2 | E52: =F50 -> 8.6 | F52: =ROUNDUP(E50/0.15,0) -> 59 | H52: =PI()*(12)^2/4*7.85/1000 -> 0.88781408 | I52: =PRODUCT(D52:H52) -> 900.95373
B53: Chân chó phi 10 | E53: =0.25+0.3+0.25-0.1 -> 0.7 | F53: =ROUNDUP(E50*F50/1,0) -> 76 | H53: =PI()*(10)^2/4*7.85/1000 -> 0.61653756 | I53: =PRODUCT(D53:H53) -> 32.799798
A55: =MAX($A$6:$A45)+1 -> 11 | B55: Công tác cốt thép cột | C55: tấn | I55: 0 | J55: =#REF!*#REF! -> #REF! | K55: =#REF!*#REF! -> #REF! | L55: =I55*J55 -> #REF! | M55: =+I55*K55 -> #REF! | N55: =+SUM(L55:M55) -> #REF!
A56: =MAX($A$6:$A55)+1 -> 12 | B56: Công tác cốt thép vách | C56: tấn | I56: =SUBTOTAL(9,I58:I71)/1000*1.2 -> 13.990908 | J56: =#REF!*#REF! -> #REF! | K56: =#REF!*#REF! -> #REF! | L56: =I56*J56 -> #REF! | M56: =+I56*K56 -> #REF! | N56: =+SUM(L56:M56) -> #REF!
B57: Bể XLNT
B58: =B29 -> vách bao | D58: =D29 -> 1 | E58: =E29 -> 123 | F58: =F29 -> 0.3 | G58: =G29 -> 4.8 | H58: 0 | I58: =PRODUCT(D58:H58) -> 0
B59: phi12a150 | D59: =D58 -> 1 | E59: =G58 -> 4.8 | F59: =ROUNDUP(E58/0.15,0) -> 820 | H59: =PI()*(12)^2/4*7.85/1000 -> 0.88781408 | I59: =PRODUCT(D59:H59) -> 3494.4362
B60: phi10a200 | D60: =D59 -> 1 | E60: =E58 -> 123 | F60: =ROUNDUP(G58/0.15,0) -> 32 | H60: =PI()*(10)^2/4*7.85/1000 -> 0.61653756 | I60: =PRODUCT(D60:H60) -> 2426.6918
B61: =B30 -> vách ngăn | D61: =D30 -> 8 | E61: =E30 -> 8.8 | F61: =F30 -> 0.2 | G61: =G30 -> 4.8 | H61: 0 | I61: =PRODUCT(D61:H61) -> 0
B62: phi12a150 | D62: =D61 -> 8 | E62: =G61 -> 4.8 | F62: =ROUNDUP(E61/0.15,0) -> 59 | H62: =PI()*(12)^2/4*7.85/1000 -> 0.88781408 | I62: =PRODUCT(D62:H62) -> 2011.4316
B63: phi10a200 | D63: =D62 -> 8 | E63: =E61 -> 8.8 | F63: =ROUNDUP(G61/0.15,0) -> 32 | H63: =PI()*(10)^2/4*7.85/1000 -> 0.61653756 | I63: =PRODUCT(D63:H63) -> 1388.9358
B64: Bể XLNT dệt
B65: =B32 -> vách bao | D65: =D32 -> 1 | E65: =E32 -> 35.6 | F65: =F32 -> 0.3 | G65: =G32 -> 4.8 | H65: 0 | I65: =PRODUCT(D65:H65) -> 0
B66: phi12a150 | D66: =D65 -> 1 | E66: =G65 -> 4.8 | F66: =ROUNDUP(E65/0.15,0) -> 238 | H66: =PI()*(12)^2/4*7.85/1000 -> 0.88781408 | I66: =PRODUCT(D66:H66) -> 1014.2388
B67: phi10a200 | D67: =D66 -> 1 | E67: =E65 -> 35.6 | F67: =ROUNDUP(G65/0.15,0) -> 32 | H67: =PI()*(10)^2/4*7.85/1000 -> 0.61653756 | I67: =PRODUCT(D67:H67) -> 702.35959
B68: =B33 -> vách ngăn | D68: =D33 -> 1 | E68: =E33 -> 12.9 | F68: =F33 -> 0.2 | G68: =G33 -> 4.8 | H68: 0 | I68: =PRODUCT(D68:H68) -> 0
B69: phi12a150 | D69: =D68 -> 1 | E69: =G68 -> 4.8 | F69: =ROUNDUP(E68/0.15,0) -> 86 | H69: =PI()*(12)^2/4*7.85/1000 -> 0.88781408 | I69: =PRODUCT(D69:H69) -> 366.48965
B70: phi10a200 | D70: =D69 -> 1 | E70: =E68 -> 12.9 | F70: =ROUNDUP(G68/0.15,0) -> 32 | H70: =PI()*(10)^2/4*7.85/1000 -> 0.61653756 | I70: =PRODUCT(D70:H70) -> 254.5067
A72: =MAX($A$6:$A56)+1 -> 13 | B72: Công tác cốt thép dầm sàn nắp bể nước | C72: tấn | I72: =SUBTOTAL(9,I74:I80)/1000*1.2 -> 10.503232 | J72: =#REF!*#REF! -> #REF! | K72: =#REF!*#REF! -> #REF! | L72: =I72*J72 -> #REF! | M72: =+I72*K72 -> #REF! | N72: =+SUM(L72:M72) -> #REF!
B73: Bể XLNT
B74: Nắp | E74: =E46 -> 52.5 | F74: =F46 -> 8.6 | G74: 0.2 | I74: =(E74+F74)*2*G74 -> 24.44
B75: phi 10a150 | D75: 2 | E75: =E74 -> 52.5 | F75: =ROUNDUP(F74/0.15,0) -> 58 | H75: =PI()*(10)^2/4*7.85/1000 -> 0.61653756 | I75: =PRODUCT(D75:H75) -> 3754.7137
B76: phi 10a150 | D76: 2 | E76: =F74 -> 8.6 | F76: =ROUNDUP(E74/0.15,0) -> 350 | H76: =PI()*(10)^2/4*7.85/1000 -> 0.61653756 | I76: =PRODUCT(D76:H76) -> 3711.5561
B77: Bể XLNT dệt
B78: Nắp | E78: =E50 -> 8.8 | F78: =F50 -> 8.6 | G78: 0.2 | I78: =(E78+F78)*2*G78 -> 6.96
B79: phi 10a150 | D79: 2 | E79: =E78 -> 8.8 | F79: =ROUNDUP(F78/0.15,0) -> 58 | H79: =PI()*(10)^2/4*7.85/1000 -> 0.61653756 | I79: =PRODUCT(D79:H79) -> 629.36154
B80: phi 10a150 | D80: 2 | E80: =F78 -> 8.6 | F80: =ROUNDUP(E78/0.15,0) -> 59 | H80: =PI()*(10)^2/4*7.85/1000 -> 0.61653756 | I80: =PRODUCT(D80:H80) -> 625.66231
B82: Công tác bê tông | L82: =+SUBTOTAL(9,L83:L110) -> #REF! | M82: =+SUBTOTAL(9,M83:M110) -> #REF! | N82: =+SUBTOTAL(9,N83:N110) -> #REF!
A83: =MAX($A$6:$A82)+1 -> 14 | B83: Công tác BT lót đá 1x2, mác M100 | C83: m³ | I83: =SUBTOTAL(9,I84:I86) -> 54.296 | J83: =#REF!*#REF! -> #REF! | K83: =#REF!*#REF! -> #REF! | L83: =I83*J83 -> #REF! | M83: =+I83*K83 -> #REF! | N83: =+SUM(L83:M83) -> #REF!
B84: =B20 -> Đáy Bể XLNT | E84: =E20 -> 52.7 | F84: =F20 -> 8.8 | G84: =G20 -> 0.1 | I84: =PRODUCT(D84:H84) -> 46.376
B85: =B21 -> Đáy Bể XLNT dệt | E85: =E21 -> 9 | F85: =F21 -> 8.8 | G85: =G21 -> 0.1 | I85: =PRODUCT(D85:H85) -> 7.92
A87: =MAX($A$6:$A83)+1 -> 15 | B87: Công tác BT đáy bể, đá 1x2, mác M300 có phụ gia chống thấm B8 | C87: m³ | I87: =SUBTOTAL(9,I88:I90)*1.05 -> 166.0617 | J87: =#REF!*#REF! -> #REF! | K87: =#REF!*#REF! -> #REF! | L87: =I87*J87 -> #REF! | M87: =+I87*K87 -> #REF! | N87: =+SUM(L87:M87) -> #REF!
B88: =B24 -> Đáy Bể XLNT | E88: =E24 -> 52.5 | F88: =F24 -> 8.6 | G88: =G24 -> 0.3 | I88: =PRODUCT(D88:H88) -> 135.45
B89: =B25 -> Đáy Bể XLNT dệt | E89: =E25 -> 8.8 | F89: =F25 -> 8.6 | G89: =G25 -> 0.3 | I89: =PRODUCT(D89:H89) -> 22.704
A91: =MAX($A$6:$A87)+1 -> 16 | B91: Công tác BT cột, đá 1x2. mác M300 có phụ gia chống thấm B8 | C91: m³ | I91: 0 | J91: =#REF!*#REF! -> #REF! | K91: =#REF!*#REF! -> #REF! | L91: =I91*J91 -> #REF! | M91: =+I91*K91 -> #REF! | N91: =+SUM(L91:M91) -> #REF!
A92: =MAX($A$6:$A91)+1 -> 17 | B92: Công tác BT vách bể, đá 1x2, mác M300 có phụ gia chống thấm B8 | C92: m³ | I92: =SUBTOTAL(9,I93:I99) -> 308.352 | J92: =#REF!*#REF! -> #REF! | K92: =#REF!*#REF! -> #REF! | L92: =I92*J92 -> #REF! | M92: =+I92*K92 -> #REF! | N92: =+SUM(L92:M92) -> #REF!
B93: Bể XLNT
B94: vách bao | D94: =D29 -> 1 | E94: =E29 -> 123 | F94: =F29 -> 0.3 | G94: =G29 -> 4.8 | I94: =PRODUCT(D94:H94) -> 177.12
B95: vách ngăn | D95: =D30 -> 8 | E95: =E30 -> 8.8 | F95: =F30 -> 0.2 | G95: =G30 -> 4.8 | I95: =PRODUCT(D95:H95) -> 67.584
B96: Bể XLNT dệt
B97: vách bao | D97: =D32 -> 1 | E97: =E32 -> 35.6 | F97: =F32 -> 0.3 | G97: =G32 -> 4.8 | I97: =PRODUCT(D97:H97) -> 51.264
B98: vách ngăn | D98: =D33 -> 1 | E98: =E33 -> 12.9 | F98: =F33 -> 0.2 | G98: =G33 -> 4.8 | I98: =PRODUCT(D98:H98) -> 12.384
A100: =MAX($A$6:$A92)+1 -> 18 | B100: Công tác BT dầm sàn nắp bể. Đá 1x2 mác 300 | C100: m³ | I100: =SUBTOTAL(9,I101:I104) -> 105.436 | J100: =#REF!*#REF! -> #REF! | K100: =#REF!*#REF! -> #REF! | L100: =I100*J100 -> #REF! | M100: =+I100*K100 -> #REF! | N100: =+SUM(L100:M100) -> #REF!
B101: Bể XLNT
B102: Nắp | E102: =E88 -> 52.5 | F102: =F88 -> 8.6 | G102: 0.2 | I102: =PRODUCT(D102:H102) -> 90.3
B103: Bể XLNT dệt
B104: Nắp | E104: =E89 -> 8.8 | F104: =F89 -> 8.6 | G104: 0.2 | I104: =PRODUCT(D104:H104) -> 15.136
A105: =MAX($A$6:$A100)+1 -> 19 | B105: Xoa phẳng bề mặt bê tông nắp bể | C105: m2 | I105: =SUBTOTAL(9,I106:I109) -> 527.18 | J105: =#REF!*#REF! -> #REF! | K105: =#REF!*#REF! -> #REF! | L105: =I105*J105 -> #REF! | M105: =+I105*K105 -> #REF! | N105: =+SUM(L105:M105) -> #REF!
B106: Bể XLNT
B107: Nắp | E107: =E102 -> 52.5 | F107: =F102 -> 8.6 | I107: =PRODUCT(D107:H107) -> 451.5
B108: Bể XLNT dệt
B109: Nắp | E109: =E104 -> 8.8 | F109: =F104 -> 8.6 | I109: =PRODUCT(D109:H109) -> 75.68
B111: Công tác chống thấm, láng vữa | L111: =+SUBTOTAL(9,L112:L131) -> #REF! | M111: =+SUBTOTAL(9,M112:M131) -> #REF! | N111: =+SUBTOTAL(9,N112:N131) -> #REF!
A112: =MAX($A$6:$A111)+1 -> 20 | B112: Chống thấm mặt trong bể nước - Sản phẩm Sikalastic-612 | C112: m² | I112: =SUBTOTAL(9,I113:I119) -> 1522.56 | J112: =#REF!*#REF! -> #REF! | K112: =#REF!*#REF! -> #REF! | L112: =I112*J112 -> #REF! | M112: =+I112*K112 -> #REF! | N112: =+SUM(L112:M112) -> #REF!
B113: Bể XLNT
B114: vách bao | D114: =D29 -> 1 | E114: =E29 -> 123 | F114: =F29 -> 0.3 | G114: =G29 -> 4.8 | I114: =D114*E114*G114*2 -> 1180.8
B116: Bể XLNT dệt
...

Sheet Hạ tầng
A1: =Cọc!A1 -> BẢNG KHỐI LƯỢNG MỜI THẦU
A2: =Cọc!A2 -> Dự án: Nhà Máy Sản Xuất Công Ty ….
A3: =Cọc!A3 -> Gói thầu: Thi Công Xây Dựng & Hệ Thống Cơ Điện, PCCC
A4: HẠNG MỤC: HẠ TẦNG GIAO THÔNG VÀ CẢNH QUAN
A6: STT | B6: NỘI DUNG CÔNG VIỆC | C6: ĐVT | E6: Kích thước | I6: K. lượng | J6: Đơn giá (VNĐ) | L6: Thành tiền (VNĐ) | N6: Tổng cộng (VNĐ) | O6: Ghi chú
D7: SL | E7: Dài | F7: Rộng | G7: Cao | H7: Hệ số | J7: Vật tư | K7: NC&NTC | L7: Vật tư | M7: =K7 -> NC&NTC
A9: A | B9: Đưởng Tải Nặng | L9: =+SUBTOTAL(9,L10:L17) -> #REF! | M9: =+SUBTOTAL(9,M10:M17) -> #REF! | N9: =+SUBTOTAL(9,N10:N17) -> #REF!
A10: =MAX($A$6:$A8)+1 -> 1 | B10: Lu nền đất K=0.95 | C10: m2 | E10: =612.87+455.68 -> 1068.55 | I10: =PRODUCT(D10:H10) -> 1068.55 | J10: =#REF!*#REF! -> #REF! | K10: =#REF!*#REF! -> #REF! | L10: =I10*J10 -> #REF! | M10: =+I10*K10 -> #REF! | N10: =+SUM(L10:M10) -> #REF!
A11: =MAX($A$6:$A10)+1 -> 2 | B11: Cấp phối đá 4x6 dày 12cm, K=0.95 | C11: m3 | E11: =E10 -> 1068.55 | G11: 0.12 | I11: =PRODUCT(D11:H11) -> 128.226 | J11: =#REF!*#REF! -> #REF! | K11: =#REF!*#REF! -> #REF! | L11: =I11*J11 -> #REF! | M11: =+I11*K11 -> #REF! | N11: =+SUM(L11:M11) -> #REF!
A12: =MAX($A$6:$A11)+1 -> 3 | B12: Cấp phối đá 0x4 dày 30cm, K=0.95 | C12: m3 | E12: =E11 -> 1068.55 | G12: 0.3 | I12: =PRODUCT(D12:H12) -> 320.565 | J12: =#REF!*#REF! -> #REF! | K12: =#REF!*#REF! -> #REF! | L12: =I12*J12 -> #REF! | M12: =+I12*K12 -> #REF! | N12: =+SUM(L12:M12) -> #REF!
A13: =MAX($A$6:$A12)+1 -> 4 | B13: Tưới nhựa bám dính tiêu chuẩn 1kg/m2 | C13: m2 | I13: =I10 -> 1068.55 | J13: =#REF!*#REF! -> #REF! | K13: =#REF!*#REF! -> #REF! | L13: =I13*J13 -> #REF! | M13: =+I13*K13 -> #REF! | N13: =+SUM(L13:M13) -> #REF!
A14: =MAX($A$6:$A13)+1 -> 5 | B14: Bê tông nhựa nóng C12.5 dày 6cm (lớp 1) | C14: m2 | I14: =I13 -> 1068.55 | J14: =#REF!*#REF! -> #REF! | K14: =#REF!*#REF! -> #REF! | L14: =I14*J14 -> #REF! | M14: =+I14*K14 -> #REF! | N14: =+SUM(L14:M14) -> #REF!
A15: =MAX($A$6:$A14)+1 -> 6 | B15: Tưới nhựa bám dính tiêu chuẩn 0.5kg/m2 | C15: m2 | I15: =I10 -> 1068.55 | J15: =#REF!*#REF! -> #REF! | K15: =#REF!*#REF! -> #REF! | L15: =I15*J15 -> #REF! | M15: =+I15*K15 -> #REF! | N15: =+SUM(L15:M15) -> #REF!
A16: =MAX($A$6:$A15)+1 -> 7 | B16: Bê tông nhựa nóng C9.5 dày 4cm (lớp 2) | C16: m2 | I16: =I10 -> 1068.55 | J16: =#REF!*#REF! -> #REF! | K16: =#REF!*#REF! -> #REF! | L16: =I16*J16 -> #REF! | M16: =+I16*K16 -> #REF! | N16: =+SUM(L16:M16) -> #REF!
A18: B | B18: Đưởng Tải Nhẹ | L18: =+SUBTOTAL(9,L19:L23) -> #REF! | M18: =+SUBTOTAL(9,M19:M23) -> #REF! | N18: =+SUBTOTAL(9,N19:N23) -> #REF!
A19: =MAX($A$6:$A17)+1 -> 8 | B19: Lu nền đất K=0.95 | C19: m2 | E19: =800.62+288.28+29.52*2 -> 1147.94 | I19: =PRODUCT(D19:H19) -> 1147.94 | J19: =#REF!*#REF! -> #REF! | K19: =#REF!*#REF! -> #REF! | L19: =I19*J19 -> #REF! | M19: =+I19*K19 -> #REF! | N19: =+SUM(L19:M19) -> #REF!
A20: =MAX($A$6:$A19)+1 -> 9 | B20: Cấp phối đá dăm loại I dày 20cm, K=0.95 | C20: m3 | E20: =E19 -> 1147.94 | G20: 0.2 | I20: =PRODUCT(D20:H20) -> 229.588 | J20: =#REF!*#REF! -> #REF! | K20: =#REF!*#REF! -> #REF! | L20: =I20*J20 -> #REF! | M20: =+I20*K20 -> #REF! | N20: =+SUM(L20:M20) -> #REF!
A21: =MAX($A$6:$A20)+1 -> 10 | B21: Tưới nhựa bám dính tiêu chuẩn 1kg/m2 | C21: m2 | I21: =I19 -> 1147.94 | J21: =#REF!*#REF! -> #REF! | K21: =#REF!*#REF! -> #REF! | L21: =I21*J21 -> #REF! | M21: =+I21*K21 -> #REF! | N21: =+SUM(L21:M21) -> #REF!
A22: =MAX($A$6:$A21)+1 -> 11 | B22: Bê tông nhựa nóng C12.5 dày 5cm | C22: m2 | I22: =I21 -> 1147.94 | J22: =#REF!*#REF! -> #REF! | K22: =#REF!*#REF! -> #REF! | L22: =I22*J22 -> #REF! | M22: =+I22*K22 -> #REF! | N22: =+SUM(L22:M22) -> #REF!
A24: C | B24: Đưởng Lát Gạch Trồng Cỏ | L24: =+SUBTOTAL(9,L25:L28) -> #REF! | M24: =+SUBTOTAL(9,M25:M28) -> #REF! | N24: =+SUBTOTAL(9,N25:N28) -> #REF!
A25: =MAX($A$6:$A23)+1 -> 12 | B25: Lu nền đất K=0.9 | C25: m2 | E25: =327.64+96 -> 423.64 | I25: =PRODUCT(D25:H25) -> 423.64 | J25: =#REF!*#REF! -> #REF! | K25: =#REF!*#REF! -> #REF! | L25: =I25*J25 -> #REF! | M25: =+I25*K25 -> #REF! | N25: =+SUM(L25:M25) -> #REF!
A26: =MAX($A$6:$A25)+1 -> 13 | B26: Lớp cát đệm dày 3cm | C26: m3 | I26: =I25*0.03 -> 12.7092 | J26: =#REF!*#REF! -> #REF! | K26: =#REF!*#REF! -> #REF! | L26: =I26*J26 -> #REF! | M26: =+I26*K26 -> #REF! | N26: =+SUM(L26:M26) -> #REF!
A27: =MAX($A$6:$A26)+1 -> 14 | B27: Gạch trồng cỏ KT 200x400 | C27: m2 | I27: =I25 -> 423.64 | J27: =#REF!*#REF! -> #REF! | K27: =#REF!*#REF! -> #REF! | L27: =I27*J27 -> #REF! | M27: =+I27*K27 -> #REF! | N27: =+SUM(L27:M27) -> #REF!
A29: D | B29: Ram dốc BTCT | L29: =+SUBTOTAL(9,L30:L48) -> #REF! | M29: =+SUBTOTAL(9,M30:M48) -> #REF! | N29: =+SUBTOTAL(9,N30:N48) -> #REF!
A30: =MAX($A$6:$A28)+1 -> 15 | B30: Lu nền đất K=0.95 | C30: m2 | I30: =SUBTOTAL(9,I31:I33) -> 1313.73 | J30: =#REF!*#REF! -> #REF! | K30: =#REF!*#REF! -> #REF! | L30: =I30*J30 -> #REF! | M30: =+I30*K30 -> #REF! | N30: =+SUM(L30:M30) -> #REF!
B31: Ram cổng chính | E31: 559.72 | I31: =PRODUCT(D31:H31) -> 559.72 | J31: =#REF!*#REF! -> #REF! | K31: =#REF!*#REF! -> #REF!
B32: Ram cổng phụ | E32: 614.18 | I32: =PRODUCT(D32:H32) -> 614.18 | J32: =#REF!*#REF! -> #REF! | K32: =#REF!*#REF! -> #REF!
B33: Ram sảnh hàng | E33: =11.8*11.85 -> 139.83 | I33: =PRODUCT(D33:H33) -> 139.83 | J33: =#REF!*#REF! -> #REF! | K33: =#REF!*#REF! -> #REF!
J34: =#REF!*#REF! -> #REF! | K34: =#REF!*#REF! -> #REF!
A35: =MAX($A$6:$A30)+1 -> 16 | B35: Cấp phối đá 0x4 dày 30cm, K=0.95 | C35: m3 | E35: =I30 -> 1313.73 | G35: 0.3 | I35: =PRODUCT(D35:H35) -> 394.119 | J35: =#REF!*#REF! -> #REF! | K35: =#REF!*#REF! -> #REF! | L35: =I35*J35 -> #REF! | M35: =+I35*K35 -> #REF! | N35: =+SUM(L35:M35) -> #REF!
A36: =MAX($A$6:$A35)+1 -> 17 | B36: Lớp PE dày 1.5mm | C36: m2 | I36: =I30 -> 1313.73 | J36: =#REF!*#REF! -> #REF! | K36: =#REF!*#REF! -> #REF! | L36: =I36*J36 -> #REF! | M36: =+I36*K36 -> #REF! | N36: =+SUM(L36:M36) -> #REF!
A37: =MAX($A$6:$A36)+1 -> 18 | B37: Thép ram dốc 2 lớp Þ12a200 | C37: tấn | I37: =SUBTOTAL(9,I38:I41)/1000 -> 20.994264 | J37: =#REF!*#REF! -> #REF! | K37: =#REF!*#REF! -> #REF! | L37: =I37*J37 -> #REF! | M37: =+I37*K37 -> #REF! | N37: =+SUM(L37:M37) -> #REF!
B38: =B31 -> Ram cổng chính | D38: 2 | E38: =E31 -> 559.72 | G38: 9 | H38: =PI()*(12)^2/4*7.85/1000 -> 0.88781408 | I38: =PRODUCT(D38:H38) -> 8944.6914 | J38: =#REF!*#REF! -> #REF! | K38: =#REF!*#REF! -> #REF!
B39: =B32 -> Ram cổng phụ | D39: 2 | E39: =E32 -> 614.18 | G39: 9 | H39: =PI()*(12)^2/4*7.85/1000 -> 0.88781408 | I39: =PRODUCT(D39:H39) -> 9814.9978 | J39: =#REF!*#REF! -> #REF! | K39: =#REF!*#REF! -> #REF!
B40: =B33 -> Ram sảnh hàng | D40: 2 | E40: =E33 -> 139.83 | G40: 9 | H40: =PI()*(12)^2/4*7.85/1000 -> 0.88781408 | I40: =PRODUCT(D40:H40) -> 2234.5748 | J40: =#REF!*#REF! -> #REF! | K40: =#REF!*#REF! -> #REF!
J41: =#REF!*#REF! -> #REF! | K41: =#REF!*#REF! -> #REF!
A42: =MAX($A$6:$A37)+1 -> 19 | B42: Bê tông nền đá 1x2, mác 300, | C42: m³ | I42: =SUBTOTAL(9,I43:I45) -> 315.2952 | L42: =I42*J42 -> 0 | M42: =+I42*K42 -> 0 | N42: =+SUM(L42:M42) -> 0
B43: =B31 -> Ram cổng chính | E43: =E31 -> 559.72 | G43: 0.24 | I43: =PRODUCT(D43:H43) -> 134.3328
B44: =B32 -> Ram cổng phụ | E44: =E32 -> 614.18 | G44: 0.24 | I44: =PRODUCT(D44:H44) -> 147.4032
B45: =B33 -> Ram sảnh hàng | E45: =E33 -> 139.83 | G45: 0.24 | I45: =PRODUCT(D45:H45) -> 33.5592
A47: =MAX($A$6:$A42)+1 -> 20 | B47: Xoa phẳng bề mặt bê tông, lăn gai tạo nhám | C47: m2 | I47: =I30 -> 1313.73 | L47: =I47*J47 -> 0 | M47: =+I47*K47 -> 0 | N47: =+SUM(L47:M47) -> 0
A49: E | B49: Bó Vỉa | L49: =+SUBTOTAL(9,L50:L53) -> 0 | M49: =+SUBTOTAL(9,M50:M53) -> 0 | N49: =+SUBTOTAL(9,N50:N53) -> 0
A50: =MAX($A$6:$A49)+1 -> 21 | B50: Bê tông lót đá 1x2, mác 100 | C50: m³ | E50: =386.7+135.44+169.12+145.35-18*3 -> 782.61 | F50: 0.3 | G50: 0.05 | I50: =PRODUCT(D50:H50) -> 11.73915 | L50: =I50*J50 -> 0 | M50: =+I50*K50 -> 0 | N50: =+SUM(L50:M50) -> 0
A51: =MAX($A$6:$A50)+1 -> 22 | B51: Bê tông bó vỉa đá 1x2, mác 250 | C51: m³ | E51: =E50 -> 782.61 | F51: 0.2 | G51: 0.29 | I51: =PRODUCT(D51:H51) -> 45.39138
A52: =MAX($A$6:$A51)+1 -> 23 | B52: Ván khuôn bó vỉa | C52: m2 | E52: =E51 -> 782.61 | F52: 0.2 | G52: =G51 -> 0.29 | I52: =E52*G52*2 -> 453.9138 | L52: =I52*J52 -> 0 | M52: =+I52*K52 -> 0 | N52: =+SUM(L52:M52) -> 0
A54: F | B54: Cây Xanh, Cảnh Quan | L54: =+SUBTOTAL(9,L55:L58) -> 0 | M54: =+SUBTOTAL(9,M55:M58) -> 0 | N54: =+SUBTOTAL(9,N55:N58) -> 0
A55: =MAX($A$6:$A54)+1 -> 24 | B55: Lớp đất trông cỏ (bao gồm phân tro hữu cơ) | C55: m3 | E55: =241.58+194.26+34.93+70 -> 540.77 | G55: 0.3 | I55: =PRODUCT(D55:H55) -> 162.231 | L55: =I55*J55 -> 0 | M55: =+I55*K55 -> 0 | N55: =+SUM(L55:M55) -> 0
A56: =MAX($A$6:$A55)+1 -> 25 | B56: Trồng cỏ lá gừng, mật độ trồng bao phủ 60% | C56: m2 | E56: =E55 -> 540.77 | I56: =PRODUCT(D56:H56) -> 540.77 | L56: =I56*J56 -> 0 | M56: =+I56*K56 -> 0 | N56: =+SUM(L56:M56) -> 0
A57: =MAX($A$6:$A56)+1 -> 26 | B57: Tưới nước chăm sóc bảo dưỡng | C57: pcs | I57: 1 | L57: =I57*J57 -> 0 | M57: =+I57*K57 -> 0 | N57: =+SUM(L57:M57) -> 0
B59: CÔNG TÁC BỔ SUNG BỞI NHÀ THẦU (nếu có)
B60: Các nội dung công tác cần bổ sung trong quá trình tính toán sẽ được liệt kê vào bên dưới mục này
B63: Cộng trước thuế | L63: =+SUBTOTAL(9,L10:L62) -> #REF! | M63: =+SUBTOTAL(9,M10:M62) -> #REF! | N63: =+SUBTOTAL(9,N10:N62) -> #REF!

Sheet NUOC MUA
A1: =+'Hạ tầng'!A1 -> BẢNG KHỐI LƯỢNG MỜI THẦU
A2: =+'Hạ tầng'!A2 -> Dự án: Nhà Máy Sản Xuất Công Ty ….
A3: =+'Hạ tầng'!A3 -> Gói thầu: Thi Công Xây Dựng & Hệ Thống Cơ Điện, PCCC
A4: HẠNG MỤC: HỆ THỐNG THOÁT NƯỚC MƯA
A6: STT | B6: NỘI DUNG CÔNG VIỆC | C6: ĐVT | E6: Kích thước | I6: K. lượng | J6: Đơn giá (VNĐ) | L6: Thành tiền (VNĐ) | N6: Tổng cộng (VNĐ) | O6: Ghi chú
D7: SL | E7: Dài | F7: Rộng | G7: Cao | H7: Hệ số | J7: Vật tư | K7: NC&NTC | L7: Vật tư | M7: =K7 -> NC&NTC
A9: A | B9: LẮP ĐẶT CỐNG VÀ PHỤ KIỆN
A10: =MAX($A$6:$A9)+1 -> 1 | B10: Đào đất | C10: m³ | I10: =SUBTOTAL(9,I11:I13) -> 304.56504 | L10: =+J10*I10 -> 0 | M10: =+K10*I10 -> 0 | N10: =+SUM(L10:M10) -> 0
B11: Cống hộp BTCT, B=500 | E11: 52.6 | F11: =0.5+0.2 -> 0.7 | G11: 1.3 | H11: 1.3 | I11: =PRODUCT(D11:H11) -> 62.2258
B12: Cống ly tâm D400 | E12: 217.66 | F12: =0.4+0.2 -> 0.6 | G12: 1.3 | H12: 1.3 | I12: =PRODUCT(D12:H12) -> 220.70724
B13: Cống ly tâm D600 | E13: 16 | F13: =0.6+0.2 -> 0.8 | G13: 1.3 | H13: 1.3 | I13: =PRODUCT(D13:H13) -> 21.632
A14: =MAX($A$6:$A10)+1 -> 2 | B14: Lấp đất | C14: m³ | I14: =I10*0.7 -> 213.19553 | L14: =+J14*I14 -> 0 | M14: =+K14*I14 -> 0 | N14: =+SUM(L14:M14) -> 0
A15: =MAX($A$6:$A14)+1 -> 3 | B15: Vận chuyển đất dư | C15: m³ | I15: =I10-I14 -> 91.369512 | L15: =+J15*I15 -> 0 | M15: =+K15*I15 -> 0 | N15: =+SUM(L15:M15) -> 0
A16: =MAX($A$6:$A15)+1 -> 4 | B16: Cống hộp BTCT, B=500 | C16: m | E16: =26+18+8.6 -> 52.6 | I16: =PRODUCT(D16:H16) -> 52.6 | L16: =+J16*I16 -> 0 | M16: =+K16*I16 -> 0 | N16: =+SUM(L16:M16) -> 0
A17: =MAX($A$6:$A16)+1 -> 5 | B17: Cống ly tâm D400 | C17: m | E17: =22+30*3+23.64+20+21.62+28.4+12 -> 217.66 | I17: =PRODUCT(D17:H17) -> 217.66 | L17: =+J17*I17 -> 0 | M17: =+K17*I17 -> 0 | N17: =+SUM(L17:M17) -> 0
A18: =MAX($A$6:$A17)+1 -> 6 | B18: Cống ly tâm D600 | C18: m | E18: 16 | I18: =PRODUCT(D18:H18) -> 16 | L18: =+J18*I18 -> 0 | M18: =+K18*I18 -> 0 | N18: =+SUM(L18:M18) -> 0
A19: =MAX($A$6:$A18)+1 -> 7 | B19: Gối cống D300 | C19: Set | E19: =ROUNDUP(E16/2,0) -> 27 | I19: =PRODUCT(D19:H19) -> 27 | L19: =+J19*I19 -> 0 | M19: =+K19*I19 -> 0 | N19: =+SUM(L19:M19) -> 0
A20: =MAX($A$6:$A19)+1 -> 8 | B20: Gối cống D400 | C20: Set | E20: =ROUNDUP(E17/2,0) -> 109 | I20: =PRODUCT(D20:H20) -> 109 | L20: =+J20*I20 -> 0 | M20: =+K20*I20 -> 0 | N20: =+SUM(L20:M20) -> 0
A21: =MAX($A$6:$A20)+1 -> 9 | B21: Gối cống D600 | C21: Set | E21: =ROUNDUP(E18/2,0) -> 8 | I21: =PRODUCT(D21:H21) -> 8 | L21: =+J21*I21 -> 0 | M21: =+K21*I21 -> 0 | N21: =+SUM(L21:M21) -> 0
A22: =MAX($A$6:$A21)+1 -> 10 | B22: Joint nối cống | C22: Set | E22: =SUM(E19:E21)/2 -> 72 | I22: =PRODUCT(D22:H22) -> 72 | L22: =+J22*I22 -> 0 | M22: =+K22*I22 -> 0 | N22: =+SUM(L22:M22) -> 0
A24: B | B24: MƯƠNG VÀ HỐ GA | L24: =+J24*I24 -> 0 | M24: =+K24*I24 -> 0 | N24: =+SUM(L24:M24) -> 0
A25: =MAX($A$6:$A24)+1 -> 11 | B25: Đào đất | C25: m3 | I25: =SUBTOTAL(9,I26:I28) -> 80.51771 | L25: =+J25*I25 -> 0 | M25: =+K25*I25 -> 0 | N25: =+SUM(L25:M25) -> 0
B26: Mương hở | E26: 62.93 | F26: 0.38 | G26: 0.5 | H26: 1.3 | I26: =PRODUCT(D26:H26) -> 15.54371
B27: MH | D27: =8+7 -> 15 | E27: 1.4 | F27: 1.4 | G27: 1.7 | H27: 1.3 | I27: =PRODUCT(D27:H27) -> 64.974
A29: =MAX($A$6:$A25)+1 -> 12 | B29: Lu nền đất | C29: m2 | I29: =SUBTOTAL(9,I30:I32) -> 53.3134 | L29: =+J29*I29 -> 0 | M29: =+K29*I29 -> 0 | N29: =+SUM(L29:M29) -> 0
B30: Mương hở | E30: =E26 -> 62.93 | F30: =F26 -> 0.38 | I30: =PRODUCT(D30:H30) -> 23.9134
B31: MH | D31: =D27 -> 15 | E31: =E27 -> 1.4 | F31: =F27 -> 1.4 | I31: =PRODUCT(D31:H31) -> 29.4
A33: =MAX($A$6:$A29)+1 -> 13 | B33: Lấp đất | C33: m3 | I33: =I25*0.3 -> 24.155313 | L33: =+J33*I33 -> 0 | M33: =+K33*I33 -> 0 | N33: =+SUM(L33:M33) -> 0
A34: =MAX($A$6:$A33)+1 -> 14 | B34: Vận chuyển đất dư | C34: m3 | I34: =I25-I33 -> 56.362397 | L34: =+J34*I34 -> 0 | M34: =+K34*I34 -> 0 | N34: =+SUM(L34:M34) -> 0
A35: =MAX($A$6:$A34)+1 -> 15 | B35: Công tác ván khuôn | C35: m2 | I35: =SUBTOTAL(9,I36:I38) -> 382.9 | L35: =+J35*I35 -> 0 | M35: =+K35*I35 -> 0 | N35: =+SUM(L35:M35) -> 0
B36: Mương hở | E36: =E26 -> 62.93 | F36: =F26 -> 0.38 | G36: =G26 -> 0.5 | I36: =E36*G36*4 -> 125.86
B37: MH | D37: =D27 -> 15 | E37: =E27 -> 1.4 | F37: =F27 -> 1.4 | G37: =G27 -> 1.7 | I37: =D37*(E37+F37)*2*G37*1.8 -> 257.04
A39: =MAX($A$6:$A35)+1 -> 16 | B39: Gia công lắp đặt cốt thép | C39: kG | I39: =I44*60 -> 1638.6846 | L39: =+J39*I39 -> 0 | M39: =+K39*I39 -> 0 | N39: =+SUM(L39:M39) -> 0
A40: =MAX($A$6:$A39)+1 -> 17 | B40: Bêtông lót (M100) | C40: m3 | I40: =SUBTOTAL(9,I41:I43) -> 2.66567 | L40: =+J40*I40 -> 0 | M40: =+K40*I40 -> 0 | N40: =+SUM(L40:M40) -> 0
B41: Mương hở | E41: =E26 -> 62.93 | F41: =F26 -> 0.38 | G41: 0.05 | I41: =PRODUCT(D41:H41) -> 1.19567
B42: MH | D42: =D27 -> 15 | E42: =E27 -> 1.4 | F42: =F27 -> 1.4 | G42: 0.05 | I42: =PRODUCT(D42:H42) -> 1.47
A44: =MAX($A$6:$A40)+1 -> 18 | B44: Công tác bêtông ( M250 ) | C44: m3 | I44: =SUBTOTAL(9,I45:I48) -> 27.31141 | L44: =+J44*I44 -> 0 | M44: =+K44*I44 -> 0 | N44: =+SUM(L44:M44) -> 0
B45: Mương hở | E45: =E30 -> 62.93 | F45: =F30 -> 0.38 | G45: 0.15 | I45: =PRODUCT(D45:H45) -> 3.58701
E46: =E45 -> 62.93 | G46: 0.4 | I46: =E46*G46*0.1*2 -> 5.0344
B47: MH | D47: =D31 -> 15 | E47: =E31 -> 1.4 | F47: =F31 -> 1.4 | G47: 0.15 | I47: =PRODUCT(D47:H47) -> 4.41
D48: =D47 -> 15 | E48: =E47 -> 1.4 | F48: =F47 -> 1.4 | G48: =G37 -> 1.7 | I48: =D48*(E48+F48)*2*G48*0.1 -> 14.28
A49: =MAX($A$6:$A44)+1 -> 19 | B49: Sắt V mạ kẽm | C49: kg | D49: =D48 -> 15 | E49: =1.3*4 -> 5.2 | H49: 3.73 | I49: =PRODUCT(D49:H49) -> 290.94 | L49: =+J49*I49 -> 0 | M49: =+K49*I49 -> 0 | N49: =+SUM(L49:M49) -> 0
A50: =MAX($A$6:$A49)+1 -> 20 | B50: Nắp grating cho mương thu nước bãi cont | C50: md | E50: 11.8 | I50: =PRODUCT(D50:H50) -> 11.8 | L50: =+J50*I50 -> 0 | M50: =+K50*I50 -> 0 | N50: =+SUM(L50:M50) -> 0
A51: =MAX($A$6:$A50)+1 -> 21 | B51: Đấu nối vào hệ thống thoát nước KCN | C51: set | I51: 1 | L51: =+J51*I51 -> 0 | M51: =+K51*I51 -> 0 | N51: =+SUM(L51:M51) -> 0
B53: CÔNG TÁC BỔ SUNG BỞI NHÀ THẦU (nếu có)
B54: Các nội dung công tác cần bổ sung trong quá trình tính toán sẽ được liệt kê vào bên dưới mục này
B57: Cộng trước thuế | L57: =+SUBTOTAL(9,L9:L56) -> 0 | M57: =+SUBTOTAL(9,M9:M56) -> 0 | N57: =+SUBTOTAL(9,N9:N56) -> 0

Sheet NUOC THAI
A1: =+'NUOC MUA'!A1 -> BẢNG KHỐI LƯỢNG MỜI THẦU
A2: =+'NUOC MUA'!A2 -> Dự án: Nhà Máy Sản Xuất Công Ty ….
A3: =+'NUOC MUA'!A3 -> Gói thầu: Thi Công Xây Dựng & Hệ Thống Cơ Điện, PCCC
A4: HẠNG MỤC: HỆ THỐNG THOÁT NƯỚC THẢI
A6: STT | B6: NỘI DUNG CÔNG VIỆC | C6: ĐVT | E6: Kích thước | I6: K. lượng | J6: Đơn giá (VNĐ) | L6: Thành tiền (VNĐ) | N6: Tổng cộng (VNĐ) | O6: Ghi chú
D7: SL | E7: Dài | F7: Rộng | G7: Cao | H7: Hệ số | J7: Vật tư | K7: NC&NTC | L7: Vật tư | M7: =K7 -> NC&NTC
A9: A | B9: TUYẾN ỐNG THOÁT NƯỚC THẢI NGOÀI NHÀ
A10: =MAX($A$6:$A9)+1 -> 1 | B10: Ống nhựa HDPE 200x7.7mm | C10: m | E10: =8+19+10+27.2+23+30+8+18+22+11+8.9 -> 185.1 | I10: =PRODUCT(D10:H10) -> 185.1 | J10: =#REF!*#REF! -> #REF! | K10: =#REF!*#REF! -> #REF! | L10: =+J10*I10 -> #REF! | M10: =+K10*I10 -> #REF! | N10: =+SUM(L10:M10) -> #REF!
A11: =MAX($A$6:$A10)+1 -> 2 | B11: Ống nhựa HDPE 114x7.7mm | C11: m | E11: 12 | I11: =PRODUCT(D11:H11) -> 12 | J11: =#REF!*#REF! -> #REF! | K11: =#REF!*#REF! -> #REF! | L11: =+J11*I11 -> #REF! | M11: =+K11*I11 -> #REF! | N11: =+SUM(L11:M11) -> #REF!
A12: =MAX($A$6:$A11)+1 -> 3 | B12: Nối ống HDPE | C12: Set | E12: =ROUND(E10/4,0)+ROUND(E11/4,0) -> 49 | I12: =PRODUCT(D12:H12) -> 49 | J12: =#REF!*#REF! -> #REF! | K12: =#REF!*#REF! -> #REF! | L12: =+J12*I12 -> #REF! | M12: =+K12*I12 -> #REF! | N12: =+SUM(L12:M12) -> #REF!
A13: =MAX($A$6:$A12)+1 -> 4 | B13: Đào đất | C13: m³ | I13: =SUBTOTAL(9,I14:I15) -> 75.309 | J13: =#REF!*#REF! -> #REF! | K13: =#REF!*#REF! -> #REF! | L13: =+J13*I13 -> #REF! | M13: =+K13*I13 -> #REF! | N13: =+SUM(L13:M13) -> #REF!
B14: Ống nhựa HDPE 200x7.7mm | E14: =E10 -> 185.1 | F14: 0.3 | G14: 1 | H14: 1.3 | I14: =PRODUCT(D14:H14) -> 72.189 | J14: =#REF!*#REF! -> #REF! | K14: =#REF!*#REF! -> #REF! | L14: =+J14*I14 -> #REF! | M14: =+K14*I14 -> #REF! | N14: =+SUM(L14:M14) -> #REF!
B15: Ống nhựa HDPE 114x7.7mm | E15: =E11 -> 12 | F15: 0.2 | G15: 1 | H15: 1.3 | I15: =PRODUCT(D15:H15) -> 3.12 | J15: =#REF!*#REF! -> #REF! | K15: =#REF!*#REF! -> #REF! | L15: =+J15*I15 -> #REF! | M15: =+K15*I15 -> #REF! | N15: =+SUM(L15:M15) -> #REF!
A16: =MAX($A$6:$A13)+1 -> 5 | B16: Đầm nền đất | C16: m2 | I16: =SUBTOTAL(9,I17:I18) -> 57.93 | J16: =#REF!*#REF! -> #REF! | K16: =#REF!*#REF! -> #REF! | L16: =+J16*I16 -> #REF! | M16: =+K16*I16 -> #REF! | N16: =+SUM(L16:M16) -> #REF!
B17: =B14 -> Ống nhựa HDPE 200x7.7mm | E17: =E14 -> 185.1 | F17: =F14 -> 0.3 | I17: =PRODUCT(D17:H17) -> 55.53 | J17: =#REF!*#REF! -> #REF! | K17: =#REF!*#REF! -> #REF! | L17: =+J17*I17 -> #REF! | M17: =+K17*I17 -> #REF! | N17: =+SUM(L17:M17) -> #REF!
B18: =B15 -> Ống nhựa HDPE 114x7.7mm | E18: =E15 -> 12 | F18: =F15 -> 0.2 | I18: =PRODUCT(D18:H18) -> 2.4 | J18: =#REF!*#REF! -> #REF! | K18: =#REF!*#REF! -> #REF! | L18: =+J18*I18 -> #REF! | M18: =+K18*I18 -> #REF! | N18: =+SUM(L18:M18) -> #REF!
A19: =MAX($A$6:$A16)+1 -> 6 | B19: Lấp đất | C19: m³ | I19: =I13*0.8 -> 60.2472 | J19: =#REF!*#REF! -> #REF! | K19: =#REF!*#REF! -> #REF! | L19: =+J19*I19 -> #REF! | M19: =+K19*I19 -> #REF! | N19: =+SUM(L19:M19) -> #REF!
A20: =MAX($A$6:$A19)+1 -> 7 | B20: Vận chuyển đất dư | C20: m³ | I20: =I13-I19 -> 15.0618 | J20: =#REF!*#REF! -> #REF! | K20: =#REF!*#REF! -> #REF! | L20: =+J20*I20 -> #REF! | M20: =+K20*I20 -> #REF! | N20: =+SUM(L20:M20) -> #REF!
A22: B | B22: HỐ GA TRUNG CHUYỂN
A23: =MAX($A$6:$A22)+1 -> 8 | B23: Đào đất | C23: m³ | I23: =SUBTOTAL(9,I24:I25) -> 17.6904 | J23: =#REF!*#REF! -> #REF! | K23: =#REF!*#REF! -> #REF! | L23: =+J23*I23 -> #REF! | M23: =+K23*I23 -> #REF! | N23: =+SUM(L23:M23) -> #REF!
B24: T1.-4. | D24: 12 | E24: 0.9 | F24: 0.9 | G24: 1.4 | H24: 1.3 | I24: =PRODUCT(D24:H24) -> 17.6904 | J24: =#REF!*#REF! -> #REF! | K24: =#REF!*#REF! -> #REF! | L24: =+J24*I24 -> #REF! | M24: =+K24*I24 -> #REF! | N24: =+SUM(L24:M24) -> #REF!
J25: =#REF!*#REF! -> #REF! | K25: =#REF!*#REF! -> #REF! | L25: =+J25*I25 -> #REF! | M25: =+K25*I25 -> #REF! | N25: =+SUM(L25:M25) -> #REF!
A26: =MAX($A$6:$A23)+1 -> 9 | B26: Đầm nền đất | C26: m2 | I26: =SUBTOTAL(9,I27:I28) -> 9.72 | J26: =#REF!*#REF! -> #REF! | K26: =#REF!*#REF! -> #REF! | L26: =+J26*I26 -> #REF! | M26: =+K26*I26 -> #REF! | N26: =+SUM(L26:M26) -> #REF!
B27: =B24 -> T1.-4. | D27: =D24 -> 12 | E27: =E24 -> 0.9 | F27: =F24 -> 0.9 | I27: =PRODUCT(D27:H27) -> 9.72 | J27: =#REF!*#REF! -> #REF! | K27: =#REF!*#REF! -> #REF! | L27: =+J27*I27 -> #REF! | M27: =+K27*I27 -> #REF! | N27: =+SUM(L27:M27) -> #REF!
J28: =#REF!*#REF! -> #REF! | K28: =#REF!*#REF! -> #REF! | L28: =+J28*I28 -> #REF! | M28: =+K28*I28 -> #REF! | N28: =+SUM(L28:M28) -> #REF!
A29: =MAX($A$6:$A26)+1 -> 10 | B29: Lấp đất | C29: m³ | I29: =I23*0.3 -> 5.30712 | J29: =#REF!*#REF! -> #REF! | K29: =#REF!*#REF! -> #REF! | L29: =+J29*I29 -> #REF! | M29: =+K29*I29 -> #REF! | N29: =+SUM(L29:M29) -> #REF!
A30: =MAX($A$6:$A29)+1 -> 11 | B30: Vận chuyển đất dư | C30: m³ | I30: =I23-I29 -> 12.38328 | J30: =#REF!*#REF! -> #REF! | K30: =#REF!*#REF! -> #REF! | L30: =+J30*I30 -> #REF! | M30: =+K30*I30 -> #REF! | N30: =+SUM(L30:M30) -> #REF!
A31: =MAX($A$6:$A30)+1 -> 12 | B31: Công tác ván khuôn | C31: m² | I31: =SUBTOTAL(9,I32:I33) -> 112.32 | J31: =#REF!*#REF! -> #REF! | K31: =#REF!*#REF! -> #REF! | L31: =+J31*I31 -> #REF! | M31: =+K31*I31 -> #REF! | N31: =+SUM(L31:M31) -> #REF!
B32: T1.-4. | D32: 12 | E32: 0.9 | F32: 0.9 | G32: 1.3 | I32: =D32*E32*4*G32*2 -> 112.32 | J32: =#REF!*#REF! -> #REF! | K32: =#REF!*#REF! -> #REF! | L32: =+J32*I32 -> #REF! | M32: =+K32*I32 -> #REF! | N32: =+SUM(L32:M32) -> #REF!
J33: =#REF!*#REF! -> #REF! | K33: =#REF!*#REF! -> #REF! | L33: =+J33*I33 -> #REF! | M33: =+K33*I33 -> #REF! | N33: =+SUM(L33:M33) -> #REF!
A34: =MAX($A$6:$A31)+1 -> 13 | B34: Gia công lắp đặt cốt thép | C34: kG | I34: =I38*60 -> 592.92 | J34: =#REF!*#REF! -> #REF! | K34: =#REF!*#REF! -> #REF! | L34: =+J34*I34 -> #REF! | M34: =+K34*I34 -> #REF! | N34: =+SUM(L34:M34) -> #REF!
A35: =MAX($A$6:$A34)+1 -> 14 | B35: Bêtông lót ( M100 ) | C35: m³ | I35: =SUBTOTAL(9,I36:I37) -> 0.486 | J35: =#REF!*#REF! -> #REF! | K35: =#REF!*#REF! -> #REF! | L35: =+J35*I35 -> #REF! | M35: =+K35*I35 -> #REF! | N35: =+SUM(L35:M35) -> #REF!
B36: =B32 -> T1.-4. | D36: =D32 -> 12 | E36: =E32 -> 0.9 | F36: =F32 -> 0.9 | G36: 0.05 | I36: =PRODUCT(D36:H36) -> 0.486 | J36: =#REF!*#REF! -> #REF! | K36: =#REF!*#REF! -> #REF! | L36: =+J36*I36 -> #REF! | M36: =+K36*I36 -> #REF! | N36: =+SUM(L36:M36) -> #REF!
J37: =#REF!*#REF! -> #REF! | K37: =#REF!*#REF! -> #REF! | L37: =+J37*I37 -> #REF! | M37: =+K37*I37 -> #REF! | N37: =+SUM(L37:M37) -> #REF!
A38: =MAX($A$6:$A35)+1 -> 15 | B38: Công tác bêtông ( M250 ) | C38: m³ | I38: =SUBTOTAL(9,I39:I40) -> 9.882 | J38: =#REF!*#REF! -> #REF! | K38: =#REF!*#REF! -> #REF! | L38: =+J38*I38 -> #REF! | M38: =+K38*I38 -> #REF! | N38: =+SUM(L38:M38) -> #REF!
B39: =B32 -> T1.-4. | D39: =D32 -> 12 | E39: =E32 -> 0.9 | F39: =F32 -> 0.9 | G39: 0.15 | I39: =PRODUCT(D39:H39) -> 1.458 | J39: =#REF!*#REF! -> #REF! | K39: =#REF!*#REF! -> #REF! | L39: =+J39*I39 -> #REF! | M39: =+K39*I39 -> #REF! | N39: =+SUM(L39:M39) -> #REF!
D40: =D32 -> 12 | E40: =E32 -> 0.9 | F40: =F32 -> 0.9 | G40: =G32 -> 1.3 | I40: =D40*E40*4*G40*0.15 -> 8.424 | J40: =#REF!*#REF! -> #REF! | K40: =#REF!*#REF! -> #REF! | L40: =+J40*I40 -> #REF! | M40: =+K40*I40 -> #REF! | N40: =+SUM(L40:M40) -> #REF!
A41: =MAX($A$6:$A38)+1 -> 16 | B41: Sắt V mạ kẽm | C41: kG | I41: =SUBTOTAL(9,I42:I43) -> 161.136 | J41: =#REF!*#REF! -> #REF! | K41: =#REF!*#REF! -> #REF! | L41: =+J41*I41 -> #REF! | M41: =+K41*I41 -> #REF! | N41: =+SUM(L41:M41) -> #REF!
B42: T1.-4. | D42: =D32 -> 12 | E42: =E32*4 -> 3.6 | H42: 3.73 | I42: =PRODUCT(D42:H42) -> 161.136
A45: C | B45: BỂ TỰ HOẠI
A46: =MAX($A$6:$A45)+1 -> 17 | B46: Đào đất | C46: m³ | I46: =SUBTOTAL(9,I47:I48) -> 215.1864 | J46: =#REF!*#REF! -> #REF! | K46: =#REF!*#REF! -> #REF! | L46: =+J46*I46 -> #REF! | M46: =+K46*I46 -> #REF! | N46: =+SUM(L46:M46) -> #REF!
B47: Bể | D47: 6 | E47: 3.8 | F47: 3.3 | G47: 2.2 | H47: 1.3 | I47: =PRODUCT(D47:H47) -> 215.1864 | J47: =#REF!*#REF! -> #REF! | K47: =#REF!*#REF! -> #REF!
J48: =#REF!*#REF! -> #REF! | K48: =#REF!*#REF! -> #REF!
A49: =MAX($A$6:$A46)+1 -> 18 | B49: Đầm nền đất | C49: m2 | I49: =SUBTOTAL(9,I50:I51) -> 75.24 | J49: =#REF!*#REF! -> #REF! | K49: =#REF!*#REF! -> #REF! | L49: =+J49*I49 -> #REF! | M49: =+K49*I49 -> #REF! | N49: =+SUM(L49:M49) -> #REF!
B50: =B47 -> Bể | D50: =D47 -> 6 | E50: =E47 -> 3.8 | F50: =F47 -> 3.3 | I50: =PRODUCT(D50:H50) -> 75.24 | J50: =#REF!*#REF! -> #REF! | K50: =#REF!*#REF! -> #REF!
J51: =#REF!*#REF! -> #REF! | K51: =#REF!*#REF! -> #REF!
A52: =MAX($A$6:$A49)+1 -> 19 | B52: Lấp đất | C52: m³ | I52: =I46*0.3 -> 64.55592 | J52: =#REF!*#REF! -> #REF! | K52: =#REF!*#REF! -> #REF! | L52: =+J52*I52 -> #REF! | M52: =+K52*I52 -> #REF! | N52: =+SUM(L52:M52) -> #REF!
A53: =MAX($A$6:$A52)+1 -> 20 | B53: Vận chuyển đất dư | C53: m³ | I53: =I46-I52 -> 150.63048 | J53: =#REF!*#REF! -> #REF! | K53: =#REF!*#REF! -> #REF! | L53: =+J53*I53 -> #REF! | M53: =+K53*I53 -> #REF! | N53: =+SUM(L53:M53) -> #REF!
A54: =MAX($A$6:$A53)+1 -> 21 | B54: Công tác ván khuôn | C54: m² | I54: =SUBTOTAL(9,I55:I58) -> 346.524 | J54: =#REF!*#REF! -> #REF! | K54: =#REF!*#REF! -> #REF! | L54: =+J54*I54 -> #REF! | M54: =+K54*I54 -> #REF! | N54: =+SUM(L54:M54) -> #REF!
B55: Đáy | D55: =D50 -> 6 | E55: =E50 -> 3.8 | F55: =F50 -> 3.3 | G55: 0.2 | I55: =D55*(E55+F55)*2*G55 -> 17.04 | J55: =#REF!*#REF! -> #REF! | K55: =#REF!*#REF! -> #REF!
B56: Thành | D56: =D55 -> 6 | E56: =E55 -> 3.8 | F56: =F55 -> 3.3 | G56: 1.8 | I56: =D56*(E56+F56)*2*G56*2 -> 306.72 | J56: =#REF!*#REF! -> #REF! | K56: =#REF!*#REF! -> #REF!
B57: Nắp | D57: =D55 -> 6 | E57: =E55 -> 3.8 | F57: =F55 -> 3.3 | G57: 0.12 | I57: =D57*(E57+F57)*2*G57 -> 10.224 | J57: =#REF!*#REF! -> #REF! | K57: =#REF!*#REF! -> #REF!
E58: =E57 -> 3.8 | F58: =F57 -> 3.3 | I58: =E58*F58 -> 12.54 | J58: =#REF!*#REF! -> #REF! | K58: =#REF!*#REF! -> #REF!
A59: =MAX($A$6:$A54)+1 -> 22 | B59: Gia công lắp đặt cốt thép | C59: kG | I59: =I60*60 -> 9570.528 | J59: =#REF!*#REF! -> #REF! | K59: =#REF!*#REF! -> #REF! | L59: =+J59*I59 -> #REF! | M59: =+K59*I59 -> #REF! | N59: =+SUM(L59:M59) -> #REF!
A60: =MAX($A$6:$A59)+1 -> 23 | B60: Công tác bêtông ( M250 ) | C60: m³ | I60: =SUBTOTAL(9,I61:I64) -> 159.5088 | J60: =#REF!*#REF! -> #REF! | K60: =#REF!*#REF! -> #REF! | L60: =+J60*I60 -> #REF! | M60: =+K60*I60 -> #REF! | N60: =+SUM(L60:M60) -> #REF!
B61: Đáy | D61: =D50 -> 6 | E61: =E50 -> 3.8 | F61: =F50 -> 3.3 | G61: 0.2 | I61: =PRODUCT(D61:H61) -> 15.048 | J61: =#REF!*#REF! -> #REF! | K61: =#REF!*#REF! -> #REF!
B62: Thành | D62: =D61 -> 6 | E62: =E61 -> 3.8 | F62: =F61 -> 3.3 | G62: 1.8 | I62: =PRODUCT(D62:H62) -> 135.432 | J62: =#REF!*#REF! -> #REF! | K62: =#REF!*#REF! -> #REF!
B63: Nắp | D63: =D61 -> 6 | E63: =E61 -> 3.8 | F63: =F61 -> 3.3 | G63: 0.12 | I63: =PRODUCT(D63:H63) -> 9.0288 | J63: =#REF!*#REF! -> #REF! | K63: =#REF!*#REF! -> #REF!
J64: =#REF!*#REF! -> #REF! | K64: =#REF!*#REF! -> #REF!
A65: =MAX($A$6:$A60)+1 -> 24 | B65: Tường gạch đinh dày 200mm | C65: m² | I65: =SUBTOTAL(9,I66:I67) -> 42.63 | J65: =#REF!*#REF! -> #REF! | K65: =#REF!*#REF! -> #REF! | L65: =+J65*I65 -> #REF! | M65: =+K65*I65 -> #REF! | N65: =+SUM(L65:M65) -> #REF!
B66: Vách ngăn | D66: =D63 -> 6 | E66: =3.5+1.4 -> 4.9 | G66: 1.45 | I66: =PRODUCT(D66:H66) -> 42.63 | J66: =#REF!*#REF! -> #REF! | K66: =#REF!*#REF! -> #REF!
J67: =#REF!*#REF! -> #REF! | K67: =#REF!*#REF! -> #REF!
A68: =MAX($A$6:$A65)+1 -> 25 | B68: Tô tường mặt trong | C68: m² | I68: =SUBTOTAL(9,I69:I71) -> 391.98 | J68: =#REF!*#REF! -> #REF! | K68: =#REF!*#REF! -> #REF! | L68: =+J68*I68 -> #REF! | M68: =+K68*I68 -> #REF! | N68: =+SUM(L68:M68) -> #REF!
B69: Thành | D69: =D62 -> 6 | E69: =E62 -> 3.8 | F69: =F62 -> 3.3 | G69: =G62 -> 1.8 | I69: =D69*(E69+F69)*2*G69*2 -> 306.72 | J69: =#REF!*#REF! -> #REF! | K69: =#REF!*#REF! -> #REF!
B70: Vách ngăn | D70: =D66 -> 6 | E70: =E66 -> 4.9 | G70: =G66 -> 1.45 | H70: 2 | I70: =PRODUCT(D70:H70) -> 85.26 | J70: =#REF!*#REF! -> #REF! | K70: =#REF!*#REF! -> #REF!
J71: =#REF!*#REF! -> #REF! | K71: =#REF!*#REF! -> #REF!
A72: =MAX($A$6:$A68)+1 -> 26 | B72: Chống thấm bể | C72: m² | I72: =SUBTOTAL(9,I73:I74) -> 306.72 | J72: =#REF!*#REF! -> #REF! | K72: =#REF!*#REF! -> #REF! | L72: =+J72*I72 -> #REF! | M72: =+K72*I72 -> #REF! | N72: =+SUM(L72:M72) -> #REF!
B73: Thành | D73: =D69 -> 6 | E73: =E69 -> 3.8 | F73: =F69 -> 3.3 | G73: =G69 -> 1.8 | I73: =D73*(E73+F73)*2*G73*2 -> 306.72 | J73: =#REF!*#REF! -> #REF! | K73: =#REF!*#REF! -> #REF!
J74: =#REF!*#REF! -> #REF! | K74: =#REF!*#REF! -> #REF!
A75: =MAX($A$6:$A72)+1 -> 27 | B75: Ống thông, bộ lọc | C75: Set | I75: =D73 -> 6 | J75: =#REF!*#REF! -> #REF! | K75: =#REF!*#REF! -> #REF! | L75: =+J75*I75 -> #REF! | M75: =+K75*I75 -> #REF! | N75: =+SUM(L75:M75) -> #REF!
A77: D | B77: MƯƠNG BTCT THOÁT NƯỚC THẢI SẢN XUẤT
A78: =MAX($A$6:$A77)+1 -> 28 | B78: Đào đất | C78: m³ | I78: =SUBTOTAL(9,I79:I83) -> 929.33828 | J78: =#REF!*#REF! -> #REF! | K78: =#REF!*#REF! -> #REF! | L78: =+J78*I78 -> #REF! | M78: =+K78*I78 -> #REF! | N78: =+SUM(L78:M78) -> #REF!
B79: MH1 (700*1000) | E79: =40+17.32+27.05 -> 84.37 | F79: =0.7+0.1 -> 0.8 | G79: =1+0.1 -> 1.1 | H79: 1.3 | I79: =PRODUCT(D79:H79) -> 96.51928 | J79: =#REF!*#REF! -> #REF! | K79: =#REF!*#REF! -> #REF! | L79: =+J79*I79 -> #REF! | M79: =+K79*I79 -> #REF! | N79: =+SUM(L79:M79) -> #REF!
B80: MH1A (700*700) | E80: 23.27 | F80: =0.7+0.1 -> 0.8 | G80: =0.7+0.1 -> 0.8 | H80: 1.3 | I80: =PRODUCT(D80:H80) -> 19.36064 | J80: =#REF!*#REF! -> #REF! | K80: =#REF!*#REF! -> #REF! | L80: =+J80*I80 -> #REF! | M80: =+K80*I80 -> #REF! | N80: =+SUM(L80:M80) -> #REF!
B81: MH2 (500*700) | E81: 64.08 | F81: =0.5+0.1 -> 0.6 | G81: =1+0.1 -> 1.1 | H81: 1.3 | I81: =PRODUCT(D81:H81) -> 54.98064 | J81: =#REF!*#REF! -> #REF! | K81: =#REF!*#REF! -> #REF! | L81: =+J81*I81 -> #REF! | M81: =+K81*I81 -> #REF! | N81: =+SUM(L81:M81) -> #REF!
B82: MH3 (250*350) | D82: 4 | E82: 39.88 | F82: =0.25+0.1 -> 0.35 | G82: =10.35+0.1 -> 10.45 | H82: 1.3 | I82: =PRODUCT(D82:H82) -> 758.47772 | J82: =#REF!*#REF! -> #REF! | K82: =#REF!*#REF! -> #REF! | L82: =+J82*I82 -> #REF! | M82: =+K82*I82 -> #REF! | N82: =+SUM(L82:M82) -> #REF!
J83: =#REF!*#REF! -> #REF! | K83: =#REF!*#REF! -> #REF! | L83: =+J83*I83 -> #REF! | M83: =+K83*I83 -> #REF! | N83: =+SUM(L83:M83) -> #REF!
A84: =MAX($A$6:$A78)+1 -> 29 | B84: Đầm nền đất | C84: m2 | I84: =SUBTOTAL(9,I85:I89) -> 180.392 | J84: =#REF!*#REF! -> #REF! | K84: =#REF!*#REF! -> #REF! | L84: =+J84*I84 -> #REF! | M84: =+K84*I84 -> #REF! | N84: =+SUM(L84:M84) -> #REF!
B85: MH1 (700*1000) | E85: =40+17.32+27.05 -> 84.37 | F85: =0.7+0.1 -> 0.8 | I85: =PRODUCT(D85:H85) -> 67.496 | J85: =#REF!*#REF! -> #REF! | K85: =#REF!*#REF! -> #REF! | L85: =+J85*I85 -> #REF! | M85: =+K85*I85 -> #REF! | N85: =+SUM(L85:M85) -> #REF!
B86: MH1A (700*700) | E86: 23.27 | F86: =0.7+0.1 -> 0.8 | I86: =PRODUCT(D86:H86) -> 18.616 | J86: =#REF!*#REF! -> #REF! | K86: =#REF!*#REF! -> #REF! | L86: =+J86*I86 -> #REF! | M86: =+K86*I86 -> #REF! | N86: =+SUM(L86:M86) -> #REF!
B87: MH2 (500*700) | E87: 64.08 | F87: =0.5+0.1 -> 0.6 | I87: =PRODUCT(D87:H87) -> 38.448 | J87: =#REF!*#REF! -> #REF! | K87: =#REF!*#REF! -> #REF! | L87: =+J87*I87 -> #REF! | M87: =+K87*I87 -> #REF! | N87: =+SUM(L87:M87) -> #REF!
B88: MH3 (250*350) | D88: 4 | E88: 39.88 | F88: =0.25+0.1 -> 0.35 | I88: =PRODUCT(D88:H88) -> 55.832 | J88: =#REF!*#REF! -> #REF! | K88: =#REF!*#REF! -> #REF! | L88: =+J88*I88 -> #REF! | M88: =+K88*I88 -> #REF! | N88: =+SUM(L88:M88) -> #REF!
J89: =#REF!*#REF! -> #REF! | K89: =#REF!*#REF! -> #REF! | L89: =+J89*I89 -> #REF! | M89: =+K89*I89 -> #REF! | N89: =+SUM(L89:M89) -> #REF!
A90: =MAX($A$6:$A84)+1 -> 30 | B90: Lấp đất | C90: m³ | I90: =I78*0.3 -> 278.80148 | J90: =#REF!*#REF! -> #REF! | K90: =#REF!*#REF! -> #REF! | L90: =+J90*I90 -> #REF! | M90: =+K90*I90 -> #REF! | N90: =+SUM(L90:M90) -> #REF!
A91: =MAX($A$6:$A90)+1 -> 31 | B91: Vận chuyển đất dư | C91: m³ | I91: =I78-I90 -> 650.5368 | J91: =#REF!*#REF! -> #REF! | K91: =#REF!*#REF! -> #REF! | L91: =+J91*I91 -> #REF! | M91: =+K91*I91 -> #REF! | N91: =+SUM(L91:M91) -> #REF!
A92: =MAX($A$6:$A91)+1 -> 32 | B92: Công tác ván khuôn | C92: m² | I92: =SUBTOTAL(9,I93:I97) -> 3631.542 | J92: =#REF!*#REF! -> #REF! | K92: =#REF!*#REF! -> #REF! | L92: =+J92*I92 -> #REF! | M92: =+K92*I92 -> #REF! | N92: =+SUM(L92:M92) -> #REF!
B93: =B79 -> MH1 (700*1000) | E93: =E79 -> 84.37 | F93: =F79-0.1 -> 0.7 | G93: =G79-0.1 -> 1 | I93: =E93*G93*2 -> 168.74 | J93: =#REF!*#REF! -> #REF! | K93: =#REF!*#REF! -> #REF! | L93: =+J93*I93 -> #REF! | M93: =+K93*I93 -> #REF! | N93: =+SUM(L93:M93) -> #REF!
B94: =B80 -> MH1A (700*700) | E94: =E80 -> 23.27 | F94: =F80-0.1 -> 0.7 | G94: =G80-0.1 -> 0.7 | I94: =E94*G94*2 -> 32.578 | J94: =#REF!*#REF! -> #REF! | K94: =#REF!*#REF! -> #REF! | L94: =+J94*I94 -> #REF! | M94: =+K94*I94 -> #REF! | N94: =+SUM(L94:M94) -> #REF!
B95: =B81 -> MH2 (500*700) | E95: =E81 -> 64.08 | F95: =F81-0.1 -> 0.5 | G95: =G81-0.1 -> 1 | I95: =E95*G95*2 -> 128.16 | J95: =#REF!*#REF! -> #REF! | K95: =#REF!*#REF! -> #REF! | L95: =+J95*I95 -> #REF! | M95: =+K95*I95 -> #REF! | N95: =+SUM(L95:M95) -> #REF!
B96: =B82 -> MH3 (250*350) | D96: =D82 -> 4 | E96: =E82 -> 39.88 | F96: =F82-0.1 -> 0.25 | G96: =G82-0.1 -> 10.35 | I96: =D96*E96*G96*2 -> 3302.064 | J96: =#REF!*#REF! -> #REF! | K96: =#REF!*#REF! -> #REF! | L96: =+J96*I96 -> #REF! | M96: =+K96*I96 -> #REF! | N96: =+SUM(L96:M96) -> #REF!
J97: =#REF!*#REF! -> #REF! | K97: =#REF!*#REF! -> #REF! | L97: =+J97*I97 -> #REF! | M97: =+K97*I97 -> #REF! | N97: =+SUM(L97:M97) -> #REF!
A98: =MAX($A$6:$A92)+1 -> 33 | B98: Gia công lắp đặt cốt thép | C98: kG | I98: =I99*60 -> 30915.558 | J98: =#REF!*#REF! -> #REF! | K98: =#REF!*#REF! -> #REF! | L98: =+J98*I98 -> #REF! | M98: =+K98*I98 -> #REF! | N98: =+SUM(L98:M98) -> #REF!
A99: =MAX($A$6:$A98)+1 -> 34 | B99: Công tác bêtông ( M250 ) | C99: m³ | I99: =SUBTOTAL(9,I100:I104) -> 515.2593 | J99: =#REF!*#REF! -> #REF! | K99: =#REF!*#REF! -> #REF! | L99: =+J99*I99 -> #REF! | M99: =+K99*I99 -> #REF! | N99: =+SUM(L99:M99) -> #REF!
B100: =B79 -> MH1 (700*1000) | E100: =E79 -> 84.37 | F100: =F79-0.1 -> 0.7 | G100: =G79-0.1 -> 1 | I100: =PRODUCT(D100:H100) -> 59.059 | J100: =#REF!*#REF! -> #REF! | K100: =#REF!*#REF! -> #REF! | L100: =+J100*I100 -> #REF! | M100: =+K100*I100 -> #REF! | N100: =+SUM(L100:M100) -> #REF!
B101: =B80 -> MH1A (700*700) | E101: =E80 -> 23.27 | F101: =F80-0.1 -> 0.7 | G101: =G80-0.1 -> 0.7 | I101: =PRODUCT(D101:H101) -> 11.4023 | J101: =#REF!*#REF! -> #REF! | K101: =#REF!*#REF! -> #REF! | L101: =+J101*I101 -> #REF! | M101: =+K101*I101 -> #REF! | N101: =+SUM(L101:M101) -> #REF!
B102: =B81 -> MH2 (500*700) | E102: =E81 -> 64.08 | F102: =F81-0.1 -> 0.5 | G102: =G81-0.1 -> 1 | I102: =PRODUCT(D102:H102) -> 32.04 | J102: =#REF!*#REF! -> #REF! | K102: =#REF!*#REF! -> #REF! | L102: =+J102*I102 -> #REF! | M102: =+K102*I102 -> #REF! | N102: =+SUM(L102:M102) -> #REF!
B103: =B82 -> MH3 (250*350) | D103: =D82 -> 4 | E103: =E82 -> 39.88 | F103: =F82-0.1 -> 0.25 | G103: =G82-0.1 -> 10.35 | I103: =PRODUCT(D103:H103) -> 412.758 | J103: =#REF!*#REF! -> #REF! | K103: =#REF!*#REF! -> #REF! | L103: =+J103*I103 -> #REF! | M103: =+K103*I103 -> #REF! | N103: =+SUM(L103:M103) -> #REF!
J104: =#REF!*#REF! -> #REF! | K104: =#REF!*#REF! -> #REF! | L104: =+J104*I104 -> #REF! | M104: =+K104*I104 -> #REF! | N104: =+SUM(L104:M104) -> #REF!
A105: =MAX($A$6:$A99)+1 -> 35 | B105: Nắp mương grating | C105: kg | I105: =SUBTOTAL(9,I106:I110) -> 5890.72 | L105: =+J105*I105 -> 0 | M105: =+K105*I105 -> 0 | N105: =+SUM(L105:M105) -> 0
B106: =B100 -> MH1 (700*1000) | E106: =E100 -> 84.37 | F106: =F100 -> 0.7 | H106: 40 | I106: =PRODUCT(D106:H106) -> 2362.36
...

Sheet Điện nước
A1: ='[71]NUOC THAI'!A1 -> BẢNG KHỐI LƯỢNG MỜI THẦU
A2: ='CP chuẩn bị'!A3 -> Dự án: Nhà Máy Sản Xuất Công Ty ….
A3: ='[71]NUOC THAI'!A3 -> Gói thầu: Thi Công Xây Dựng & Hệ Thống Cơ Điện, PCCC
A4: HẠNG MỤC: ĐIỆN + NƯỚC
A6: STT | B6: NỘI DUNG CÔNG VIỆC | C6: Nhãn hiệu | D6: Nhãn hiệu Nhà thầu đề xuất | E6: ĐVT | F6: K. lượng | G6: Đơn giá (VNĐ) | I6: Thành tiền (VNĐ) | K6: Tổng cộng (VNĐ) | L6: Ghi chú
G7: Vật tư | H7: NC&NTC | I7: Vật tư | J7: =H7 -> NC&NTC
A9: A | B9: HỆ THỐNG ĐIỆN | I9: =+SUBTOTAL(9,I10:I268) -> #REF! | J9: =+SUBTOTAL(9,J10:J268) -> #REF! | K9: =+SUBTOTAL(9,K10:K268) -> #REF!
A10: I | B10: TRẠM BIẾN ÁP VÀ ĐƯỜNG DÂY TRUNG THẾ | I10: =+SUBTOTAL(9,I11:I52) -> #REF! | J10: =+SUBTOTAL(9,J11:J52) -> #REF! | K10: =+SUBTOTAL(9,K11:K52) -> #REF!
B11: ĐIỂM ĐẤU NỐI TRUNG THẾ | K11: =+SUBTOTAL(9,K12:K29) -> #REF!
A12: =MAX($A$6:$A11)+1 -> 1 | B12: Trụ bê tông ly tâm 14m + móng trụ | D12: VN | E12: trụ | F12: 1 | G12: =#REF!*#REF! -> #REF! | H12: =#REF!*#REF! -> #REF! | I12: =+F12*G12 -> #REF! | J12: =+F12*H12 -> #REF! | K12: =+I12+J12 -> #REF!
A13: =MAX($A$6:$A12)+1 -> 2 | B13: Đà, sứ, cáp hot 24kV, cổ dê, ống sắt, hàng rào B40 bảo vệ trụ, phụ kiện …(Điểm đấu nối) | D13: VN | E13: lô | F13: 1 | G13: =#REF!*#REF! -> #REF! | H13: =#REF!*#REF! -> #REF! | I13: =+F13*G13 -> #REF! | J13: =+F13*H13 -> #REF! | K13: =+I13+J13 -> #REF!
A14: =MAX($A$6:$A13)+1 -> 3 | B14: Recloser 24kV 630A + MBA cấp nguồn + tủ điều khiển | D14: Schneider | E14: bộ | F14: 1 | G14: =#REF!*#REF! -> #REF! | H14: =#REF!*#REF! -> #REF! | I14: =+F14*G14 -> #REF! | J14: =+F14*H14 -> #REF! | K14: =+I14+J14 -> #REF!
A15: =MAX($A$6:$A14)+1 -> 4 | B15: LA 18kV 10kA | D15: Cooper/ DTR | E15: bộ | F15: 1 | G15: =#REF!*#REF! -> #REF! | H15: =#REF!*#REF! -> #REF! | I15: =+F15*G15 -> #REF! | J15: =+F15*H15 -> #REF! | K15: =+I15+J15 -> #REF!
A16: =MAX($A$6:$A15)+1 -> 5 | B16: LBFCO 24kV 200A | D16: Tuấn Ân | E16: bộ | F16: 6 | G16: =#REF!*#REF! -> #REF! | H16: =#REF!*#REF! -> #REF! | I16: =+F16*G16 -> #REF! | J16: =+F16*H16 -> #REF! | K16: =+I16+J16 -> #REF!
A17: =MAX($A$6:$A16)+1 -> 6 | B17: Hệ thống đo đếm trung thế | D17: Emic | E17: hệ | F17: 1 | G17: =#REF!*#REF! -> #REF! | H17: =#REF!*#REF! -> #REF! | I17: =+F17*G17 -> #REF! | J17: =+F17*H17 -> #REF! | K17: =+I17+J17 -> #REF!
A18: =MAX($A$6:$A17)+1 -> 7 | B18: Hệ tiếp địa trụ đo đếm | D18: VN | E18: hệ | F18: 1 | G18: =#REF!*#REF! -> #REF! | H18: =#REF!*#REF! -> #REF! | I18: =+F18*G18 -> #REF! | J18: =+F18*H18 -> #REF! | K18: =+I18+J18 -> #REF!
A19: =MAX($A$6:$A18)+1 -> 8 | B19: Vật tư phụ | D19: VN | E19: lô | F19: 1 | G19: =#REF!*#REF! -> #REF! | H19: =#REF!*#REF! -> #REF! | I19: =+F19*G19 -> #REF! | J19: =+F19*H19 -> #REF! | K19: =+I19+J19 -> #REF!
B20: ĐƯỜNG DÂY CÁP TRUNG THẾ
A21: =MAX($A$6:$A20)+1 -> 9 | B21: Cáp ngầm 24kV CXV/DSTA 3x95mm2 | C21: Cadivi/Taisin/Taya | D21: Cadivi/TĐ | E21: m | F21: 25 | G21: =#REF!*#REF! -> #REF! | H21: =#REF!*#REF! -> #REF! | I21: =+F21*G21 -> #REF! | J21: =+F21*H21 -> #REF! | K21: =+I21+J21 -> #REF!
A22: =MAX($A$6:$A21)+1 -> 10 | B22: Cáp tiếp địa CV 50mm2 | C22: Cadivi/Taisin/Taya | D22: Cadivi/TĐ | E22: m | F22: 25 | G22: =#REF!*#REF! -> #REF! | H22: =#REF!*#REF! -> #REF! | I22: =+F22*G22 -> #REF! | J22: =+F22*H22 -> #REF! | K22: =+I22+J22 -> #REF!
A23: =MAX($A$6:$A22)+1 -> 11 | B23: Đầu cáp ngầm 24kV 3x95mm2 | D23: 3M/ Raychem/ Cooper | E23: bộ | F23: 1 | G23: =#REF!*#REF! -> #REF! | H23: =#REF!*#REF! -> #REF! | I23: =+F23*G23 -> #REF! | J23: =+F23*H23 -> #REF! | K23: =+I23+J23 -> #REF!
A24: =MAX($A$6:$A23)+1 -> 12 | B24: Đầu T-plug 24kV 3x95mm2 | D24: 3M/ Raychem/ Cooper | E24: bộ | F24: 1 | G24: =#REF!*#REF! -> #REF! | H24: =#REF!*#REF! -> #REF! | I24: =+F24*G24 -> #REF! | J24: =+F24*H24 -> #REF! | K24: =+I24+J24 -> #REF!
A25: =MAX($A$6:$A24)+1 -> 13 | B25: Ống nhựa xoắn HDPE DN150 | D25: Santo | E25: m | F25: 13 | G25: =#REF!*#REF! -> #REF! | H25: =#REF!*#REF! -> #REF! | I25: =+F25*G25 -> #REF! | J25: =+F25*H25 -> #REF! | K25: =+I25+J25 -> #REF!
A26: =MAX($A$6:$A25)+1 -> 14 | B26: Đào và tái lập mương cáp vĩa hè | D26: VN | E26: m | F26: 10 | G26: =#REF!*#REF! -> #REF! | H26: =#REF!*#REF! -> #REF! | I26: =+F26*G26 -> #REF! | J26: =+F26*H26 -> #REF! | K26: =+I26+J26 -> #REF!
A27: =MAX($A$6:$A26)+1 -> 15 | B27: Hố ga trung thế | D27: VN | E27: hố | F27: 2 | G27: =#REF!*#REF! -> #REF! | H27: =#REF!*#REF! -> #REF! | I27: =+F27*G27 -> #REF! | J27: =+F27*H27 -> #REF! | K27: =+I27+J27 -> #REF!
A28: =MAX($A$6:$A27)+1 -> 16 | B28: Cọc, mốc cảnh báo cáp ngầm | D28: VN | E28: lô | F28: 1 | G28: =#REF!*#REF! -> #REF! | H28: =#REF!*#REF! -> #REF! | I28: =+F28*G28 -> #REF! | J28: =+F28*H28 -> #REF! | K28: =+I28+J28 -> #REF!
A29: =MAX($A$6:$A28)+1 -> 17 | B29: Vật tư phụ | D29: VN | E29: lô | F29: 1 | G29: =#REF!*#REF! -> #REF! | H29: =#REF!*#REF! -> #REF! | I29: =+F29*G29 -> #REF! | J29: =+F29*H29 -> #REF! | K29: =+I29+J29 -> #REF!
B30: PHẦN TRẠM BIẾN ÁP | K30: =+SUBTOTAL(9,K31:K40) -> #REF!
A31: =MAX($A$6:$A30)+1 -> 18 | B31: Tủ trung thế 2 ngăn (01 incoming LBS 24kV 630A 20kA/3s, 01 outgoing LBS 24kV 200A 20kA/3s bệ chì ống) | C31: Schneider/ABB | D31: Schneider | E31: tủ | F31: 1 | G31: =#REF!*#REF! -> #REF! | H31: =#REF!*#REF! -> #REF! | I31: =+F31*G31 -> #REF! | J31: =+F31*H31 -> #REF! | K31: =+I31+J31 -> #REF!
A32: =MAX($A$6:$A31)+1 -> 19 | B32: Máy biến áp dầu 3P 22/0.4kV 2000kVA | C32: Shilhlin/Q star | D32: Shilhlin/TĐ | E32: máy | F32: 1 | G32: =#REF!*#REF! -> #REF! | H32: =#REF!*#REF! -> #REF! | I32: =+F32*G32 -> #REF! | J32: =+F32*H32 -> #REF! | K32: =+I32+J32 -> #REF!
A33: =MAX($A$6:$A32)+1 -> 20 | B33: Cáp ngầm 24kV CXV/DSTA 3x70mm2 | C33: Cadivi/Taisin/Taya | D33: Cadivi/TĐ | E33: m | F33: 13 | G33: =#REF!*#REF! -> #REF! | H33: =#REF!*#REF! -> #REF! | I33: =+F33*G33 -> #REF! | J33: =+F33*H33 -> #REF! | K33: =+I33+J33 -> #REF!
A34: =MAX($A$6:$A33)+1 -> 21 | B34: Cáp tiếp địa CV 50mm2 | C34: Cadivi/Taisin/Taya | D34: Cadivi/TĐ | E34: m | F34: 13 | G34: =#REF!*#REF! -> #REF! | H34: =#REF!*#REF! -> #REF! | I34: =+F34*G34 -> #REF! | J34: =+F34*H34 -> #REF! | K34: =+I34+J34 -> #REF!
A35: =MAX($A$6:$A34)+1 -> 22 | B35: Đầu cáp ngầm 24kV 3x70mm2 | D35: 3M/ Raychem/ Cooper | E35: bộ | F35: 1 | G35: =#REF!*#REF! -> #REF! | H35: =#REF!*#REF! -> #REF! | I35: =+F35*G35 -> #REF! | J35: =+F35*H35 -> #REF! | K35: =+I35+J35 -> #REF!
A36: =MAX($A$6:$A35)+1 -> 23 | B36: Đầu T-plug 24kV 3x70mm2 | D36: 3M/ Raychem/ Cooper | E36: bộ | F36: 1 | G36: =#REF!*#REF! -> #REF! | H36: =#REF!*#REF! -> #REF! | I36: =+F36*G36 -> #REF! | J36: =+F36*H36 -> #REF! | K36: =+I36+J36 -> #REF!
A37: =MAX($A$6:$A36)+1 -> 24 | B37: Thang máng cáp | D37: VN | E37: lô | F37: 1 | G37: =#REF!*#REF! -> #REF! | H37: =#REF!*#REF! -> #REF! | I37: =+F37*G37 -> #REF! | J37: =+F37*H37 -> #REF! | K37: =+I37+J37 -> #REF!
A38: =MAX($A$6:$A37)+1 -> 25 | B38: Móng MBA, móng tủ RMU, hàng rào trạm, nhà trạm … | D38: VN | E38: lô | F38: 1 | I38: =+F38*G38 -> 0 | J38: =+F38*H38 -> 0 | K38: =+I38+J38 -> 0 | L38: Thuộc phạm vi xây dựng
A39: =MAX($A$6:$A38)+1 -> 26 | B39: Tiếp địa trạm biến áp | D39: VN | E39: lô | F39: 1 | G39: =#REF!*#REF! -> #REF! | H39: =#REF!*#REF! -> #REF! | I39: =+F39*G39 -> #REF! | J39: =+F39*H39 -> #REF! | K39: =+I39+J39 -> #REF!
A40: =MAX($A$6:$A39)+1 -> 27 | B40: Vật tư phụ | D40: VN | E40: lô | F40: 1 | G40: =#REF!*#REF! -> #REF! | H40: =#REF!*#REF! -> #REF! | I40: =+F40*G40 -> #REF! | J40: =+F40*H40 -> #REF! | K40: =+I40+J40 -> #REF!
B41: CHI PHÍ KHÁC | G41: =#REF!*#REF! -> #REF! | H41: =#REF!*#REF! -> #REF! | I41: =+F41*G41 -> #REF! | J41: =+F41*H41 -> #REF! | K41: =+SUBTOTAL(9,K42:K52) -> #REF!
A42: =MAX($A$6:$A41)+1 -> 28 | B42: Chi phí khảo sát, thiết kế | D42: VN | E42: lô | F42: 1 | G42: =#REF!*#REF! -> #REF! | H42: =#REF!*#REF! -> #REF! | I42: =+F42*G42 -> #REF! | J42: =+F42*H42 -> #REF! | K42: =+I42+J42 -> #REF!
A43: =MAX($A$6:$A42)+1 -> 29 | B43: Thỏa thuận thiết kế | D43: VN | E43: lô | F43: 1 | G43: =#REF!*#REF! -> #REF! | H43: =#REF!*#REF! -> #REF! | I43: =+F43*G43 -> #REF! | J43: =+F43*H43 -> #REF! | K43: =+I43+J43 -> #REF!
A44: =MAX($A$6:$A43)+1 -> 30 | B44: Thỏa thuận đấu nối | D44: VN | E44: lô | F44: 1 | G44: =#REF!*#REF! -> #REF! | H44: =#REF!*#REF! -> #REF! | I44: =+F44*G44 -> #REF! | J44: =+F44*H44 -> #REF! | K44: =+I44+J44 -> #REF!
A45: =MAX($A$6:$A44)+1 -> 31 | B45: Hợp đồng giám sát thi công VTTB | D45: VN | E45: lô | F45: 1 | G45: =#REF!*#REF! -> #REF! | H45: =#REF!*#REF! -> #REF! | I45: =+F45*G45 -> #REF! | J45: =+F45*H45 -> #REF! | K45: =+I45+J45 -> #REF!
A46: =MAX($A$6:$A45)+1 -> 32 | B46: Xin phép đào đường | D46: VN | E46: gói | F46: 1 | G46: =#REF!*#REF! -> #REF! | H46: =#REF!*#REF! -> #REF! | I46: =+F46*G46 -> #REF! | J46: =+F46*H46 -> #REF! | K46: =+I46+J46 -> #REF!
A47: =MAX($A$6:$A46)+1 -> 33 | B47: Cắt điện đấu nối | D47: VN | E47: lần | F47: 1 | G47: =#REF!*#REF! -> #REF! | H47: =#REF!*#REF! -> #REF! | I47: =+F47*G47 -> #REF! | J47: =+F47*H47 -> #REF! | K47: =+I47+J47 -> #REF!
A48: =MAX($A$6:$A47)+1 -> 34 | B48: Chi phí đấu nối hotline (nếu có) | D48: VN | E48: điểm | F48: 1 | G48: =#REF!*#REF! -> #REF! | H48: =#REF!*#REF! -> #REF! | I48: =+F48*G48 -> #REF! | J48: =+F48*H48 -> #REF! | K48: =+I48+J48 -> #REF!
A49: =MAX($A$6:$A48)+1 -> 35 | B49: Chi phí thí nghiệm VTTB | D49: VN | E49: gói | F49: 1 | G49: =#REF!*#REF! -> #REF! | H49: =#REF!*#REF! -> #REF! | I49: =+F49*G49 -> #REF! | J49: =+F49*H49 -> #REF! | K49: =+I49+J49 -> #REF!
A50: =MAX($A$6:$A49)+1 -> 36 | B50: Lập hồ sơ hoàn công, nghiệm thu đóng điện và đưa vào sử dụng | D50: VN | E50: lần | F50: 1 | G50: =#REF!*#REF! -> #REF! | H50: =#REF!*#REF! -> #REF! | I50: =+F50*G50 -> #REF! | J50: =+F50*H50 -> #REF! | K50: =+I50+J50 -> #REF!
A51: =MAX($A$6:$A50)+1 -> 37 | B51: Chi phí vận chuyển, máy thi công | D51: VN | E51: gói | F51: 1 | G51: =#REF!*#REF! -> #REF! | H51: =#REF!*#REF! -> #REF! | I51: =+F51*G51 -> #REF! | J51: =+F51*H51 -> #REF! | K51: =+I51+J51 -> #REF!
A52: =MAX($A$6:$A51)+1 -> 38 | G52: =#REF!*#REF! -> #REF! | H52: =#REF!*#REF! -> #REF! | I52: =+F52*G52 -> #REF! | J52: =+F52*H52 -> #REF! | K52: =+I52+J52 -> #REF!
A53: II | B53: MÁY PHÁT | I53: =+SUBTOTAL(9,I54:I63) -> #REF! | J53: =+SUBTOTAL(9,J54:J63) -> #REF! | K53: =+SUBTOTAL(9,K54:K63) -> #REF!
A54: =MAX($A$6:$A53)+1 -> 39 | B54: - Công suất liên tục 1000 kVA , dự phòng 1100 kVA - Model tổ máy: C1100D5 - Động cơ: CUMMINS KTA38-G5 - TQ - Đầu phát: BURG B-1100-4 - TQ - Bảng điều khiển: DEEPSEA DSE6120 - ANH (Máy phát điện có vỏ cách âm đồng bộ theo máy) | C54: Cummins | D54: Cummins(Haco nhập khẩu)/ TĐ | E54: Bộ | F54: 1 | G54: =#REF!*#REF! -> #REF! | H54: =#REF!*#REF! -> #REF! | I54: =+F54*G54 -> #REF! | J54: =+F54*H54 -> #REF! | K54: =+I54+J54 -> #REF!
A55: =MAX($A$6:$A54)+1 -> 40 | B55: Ống khói | D55: VN | E55: Mét | F55: 12 | G55: =#REF!*#REF! -> #REF! | H55: =#REF!*#REF! -> #REF! | I55: =+F55*G55 -> #REF! | J55: =+F55*H55 -> #REF! | K55: =+I55+J55 -> #REF!
A56: =MAX($A$6:$A55)+1 -> 41 | B56: Co ống khói | D56: VN | E56: Cái | F56: 4 | G56: =#REF!*#REF! -> #REF! | H56: =#REF!*#REF! -> #REF! | I56: =+F56*G56 -> #REF! | J56: =+F56*H56 -> #REF! | K56: =+I56+J56 -> #REF!
A57: =MAX($A$6:$A56)+1 -> 42 | B57: Họng gió ra | D57: VN | E57: Bộ | F57: 1 | G57: =#REF!*#REF! -> #REF! | H57: =#REF!*#REF! -> #REF! | I57: =+F57*G57 -> #REF! | J57: =+F57*H57 -> #REF! | K57: =+I57+J57 -> #REF!
A58: =MAX($A$6:$A57)+1 -> 43 | B58: Simili | D58: VN | E58: Bộ | F58: 1 | G58: =#REF!*#REF! -> #REF! | H58: =#REF!*#REF! -> #REF! | I58: =+F58*G58 -> #REF! | J58: =+F58*H58 -> #REF! | K58: =+I58+J58 -> #REF!
A59: =MAX($A$6:$A58)+1 -> 44 | B59: Lam gió ra | D59: VN | E59: Bộ | F59: 1 | G59: =#REF!*#REF! -> #REF! | H59: =#REF!*#REF! -> #REF! | I59: =+F59*G59 -> #REF! | J59: =+F59*H59 -> #REF! | K59: =+I59+J59 -> #REF!
A60: =MAX($A$6:$A59)+1 -> 45 | B60: Dầu chạy | D60: VN | E60: Lít | F60: 1000 | G60: =#REF!*#REF! -> #REF! | H60: =#REF!*#REF! -> #REF! | I60: =+F60*G60 -> #REF! | J60: =+F60*H60 -> #REF! | K60: =+I60+J60 -> #REF!
A61: =MAX($A$6:$A60)+1 -> 46 | B61: Thử tải | D61: VN | E61: Ngày | F61: 1 | G61: =#REF!*#REF! -> #REF! | H61: =#REF!*#REF! -> #REF! | I61: =+F61*G61 -> #REF! | J61: =+F61*H61 -> #REF! | K61: =+I61+J61 -> #REF!
A62: =MAX($A$6:$A61)+1 -> 47 | B62: Kiểm định | D62: VN | E62: Lần | F62: 1 | G62: =#REF!*#REF! -> #REF! | H62: =#REF!*#REF! -> #REF! | I62: =+F62*G62 -> #REF! | J62: =+F62*H62 -> #REF! | K62: =+I62+J62 -> #REF!
A63: =MAX($A$6:$A62)+1 -> 48 | B63: Chi phí vận chuyển máy | D63: VN | E63: Lần | F63: 1 | G63: =#REF!*#REF! -> #REF! | H63: =#REF!*#REF! -> #REF! | I63: =+F63*G63 -> #REF! | J63: =+F63*H63 -> #REF! | K63: =+I63+J63 -> #REF!
A64: III | B64: TỦ ĐIỆN VÀ CẤP NGUỒN | I64: =+SUBTOTAL(9,I65:I126) -> #REF! | J64: =+SUBTOTAL(9,J65:J126) -> #REF! | K64: =+SUBTOTAL(9,K65:K126) -> #REF!
A65: III.1 | B65: TỦ ĐIỆN | I65: =+SUBTOTAL(9,I66:I91) -> #REF! | J65: =+SUBTOTAL(9,J66:J91) -> #REF! | K65: =+SUBTOTAL(9,K66:K91) -> #REF!
A66: =MAX($A$6:$A64)+1 -> 49 | B66: MSB Panel 3200A (Main Equipment : Schneider) | C66: Trường Nam Hải / Phuong Nam/Âu Việt | D66: P.N.E/TĐ | E66: Bộ | F66: 1 | G66: =#REF!*#REF! -> #REF! | H66: =#REF!*#REF! -> #REF! | I66: =+F66*G66 -> #REF! | J66: =+F66*H66 -> #REF! | K66: =+I66+J66 -> #REF!
A67: =MAX($A$6:$A66)+1 -> 50 | B67: MDB-PANEL 3200A (Main Equipment : Schneider) | C67: Trường Nam Hải / Phuong Nam/ + Schneider | D67: P.N.E/TĐ | E67: Bộ | F67: 1 | G67: =#REF!*#REF! -> #REF! | H67: =#REF!*#REF! -> #REF! | I67: =+F67*G67 -> #REF! | J67: =+F67*H67 -> #REF! | K67: =+I67+J67 -> #REF!
A68: =MAX($A$6:$A67)+1 -> 51 | B68: DB-MN, 1200A (Main Equipment : Schneider) | C68: Trường Nam Hải / Phuong Nam/ + Schneider | D68: P.N.E/TĐ | E68: Bộ | F68: 1 | G68: =#REF!*#REF! -> #REF! | H68: =#REF!*#REF! -> #REF! | I68: =+F68*G68 -> #REF! | J68: =+F68*H68 -> #REF! | K68: =+I68+J68 -> #REF!
A69: =MAX($A$6:$A68)+1 -> 52 | B69: MDB-2F, 1600A (Main Equipment : Schneider) | C69: Trường Nam Hải / Phuong Nam/ + Schneider | D69: P.N.E/TĐ | E69: Bộ | F69: 1 | G69: =#REF!*#REF! -> #REF! | H69: =#REF!*#REF! -> #REF! | I69: =+F69*G69 -> #REF! | J69: =+F69*H69 -> #REF! | K69: =+I69+J69 -> #REF!
A70: =MAX($A$6:$A69)+1 -> 53 | B70: DB-AIR COMP, 600A (Main Equipment : Schneider) | C70: Trường Nam Hải / Phuong Nam/ + Schneider | D70: P.N.E/TĐ | E70: Bộ | F70: 1 | G70: =#REF!*#REF! -> #REF! | H70: =#REF!*#REF! -> #REF! | I70: =+F70*G70 -> #REF! | J70: =+F70*H70 -> #REF! | K70: =+I70+J70 -> #REF!
A71: =MAX($A$6:$A70)+1 -> 54 | B71: DB-MAINT, 100A (Main Equipment : Schneider) | C71: Trường Nam Hải / Phuong Nam/ + Schneider | D71: P.N.E/TĐ | E71: Bộ | F71: 1 | G71: =#REF!*#REF! -> #REF! | H71: =#REF!*#REF! -> #REF! | I71: =+F71*G71 -> #REF! | J71: =+F71*H71 -> #REF! | K71: =+I71+J71 -> #REF!
A72: =MAX($A$6:$A71)+1 -> 55 | B72: DB-MD , 400A (Main Equipment : Schneider) | C72: Trường Nam Hải / Phuong Nam/ + Schneider | D72: P.N.E/TĐ | E72: Bộ | F72: 1 | G72: =#REF!*#REF! -> #REF! | H72: =#REF!*#REF! -> #REF! | I72: =+F72*G72 -> #REF! | J72: =+F72*H72 -> #REF! | K72: =+I72+J72 -> #REF!
A73: =MAX($A$6:$A72)+1 -> 56 | B73: DB-VP1 , 150A (Main Equipment : Schneider) | C73: Trường Nam Hải / Phuong Nam/ + Schneider | D73: P.N.E/TĐ | E73: Bộ | F73: 1 | G73: =#REF!*#REF! -> #REF! | H73: =#REF!*#REF! -> #REF! | I73: =+F73*G73 -> #REF! | J73: =+F73*H73 -> #REF! | K73: =+I73+J73 -> #REF!
A74: =MAX($A$6:$A73)+1 -> 57 | B74: DB-VP2 , 75A (Main Equipment : Schneider) | C74: Trường Nam Hải / Phuong Nam/ + Schneider | D74: P.N.E/TĐ | E74: Bộ | F74: 1 | G74: =#REF!*#REF! -> #REF! | H74: =#REF!*#REF! -> #REF! | I74: =+F74*G74 -> #REF! | J74: =+F74*H74 -> #REF! | K74: =+I74+J74 -> #REF!
A75: =MAX($A$6:$A74)+1 -> 58 | B75: DB-VP3 , 75A (Main Equipment : Schneider) | C75: Trường Nam Hải / Phuong Nam/ + Schneider | D75: P.N.E/TĐ | E75: Bộ | F75: 1 | G75: =#REF!*#REF! -> #REF! | H75: =#REF!*#REF! -> #REF! | I75: =+F75*G75 -> #REF! | J75: =+F75*H75 -> #REF! | K75: =+I75+J75 -> #REF!
A76: =MAX($A$6:$A75)+1 -> 59 | B76: DB-VP4, 75A (Main Equipment : Schneider) | C76: Trường Nam Hải / Phuong Nam/ + Schneider | D76: P.N.E/TĐ | E76: Bộ | F76: 1 | G76: =#REF!*#REF! -> #REF! | H76: =#REF!*#REF! -> #REF! | I76: =+F76*G76 -> #REF! | J76: =+F76*H76 -> #REF! | K76: =+I76+J76 -> #REF!
A77: =MAX($A$6:$A76)+1 -> 60 | B77: LP-VPX, 150A (Main Equipment : Schneider) | C77: Trường Nam Hải / Phuong Nam/ + Schneider | D77: P.N.E/TĐ | E77: Bộ | F77: 1 | G77: =#REF!*#REF! -> #REF! | H77: =#REF!*#REF! -> #REF! | I77: =+F77*G77 -> #REF! | J77: =+F77*H77 -> #REF! | K77: =+I77+J77 -> #REF!
A78: =MAX($A$6:$A77)+1 -> 61 | B78: LP-1F-1, 75A (Main Equipment : Schneider) | C78: Trường Nam Hải / Phuong Nam/ + Schneider | D78: P.N.E/TĐ | E78: Bộ | F78: 1 | G78: =#REF!*#REF! -> #REF! | H78: =#REF!*#REF! -> #REF! | I78: =+F78*G78 -> #REF! | J78: =+F78*H78 -> #REF! | K78: =+I78+J78 -> #REF!
... A83: =MAX($A$6:$A82)+1 -> 66 | B83: LP-BV2,50A (Main Equipment : Schneider) | C83: Trường Nam Hải / Phuong Nam/ + Schneider | D83: P.N.E/TĐ | E83: Bộ | F83: 1 | G83: =#REF!*#REF! -> #REF! | H83: =#REF!*#REF! -> #REF! | I83: =+F83*G83 -> #REF! | J83: =+F83*H83 -> #REF! | K83: =+I83+J83 -> #REF!
A84: =MAX($A$6:$A83)+1 -> 67 | B84: Grounding system for MDB-Panel | C84: VN | D84: VN | E84: lô | F84: 1 | G84: =#REF!*#REF! -> #REF! | H84: =#REF!*#REF! -> #REF!
A85: =MAX($A$6:$A83)+1 -> 67 | B85: DB-XLNT, 150A | E85: Bộ | F85: 1 | G85: =#REF!*#REF! -> #REF! | H85: =#REF!*#REF! -> #REF! | L85: Ngoài phạm vi , không có bảng vẽ singline
A86: =MAX($A$6:$A85)+1 -> 68 | B86: DB-LÒ HƠI, 1000A (DB-LH) | E86: Bộ | F86: 1 | G86: =#REF!*#REF! -> #REF! | H86: =#REF!*#REF! -> #REF! | L86: Ngoài phạm vi , không có bảng vẽ singline
A87: =MAX($A$6:$A86)+1 -> 69 | B87: DB-PCCC, 300A | E87: Bộ | F87: 1 | G87: =#REF!*#REF! -> #REF! | H87: =#REF!*#REF! -> #REF! | L87: Ngoài phạm vi , không có bảng vẽ singline
A88: =MAX($A$6:$A87)+1 -> 70 | B88: DB-BN, 300A | E88: Bộ | F88: 1 | G88: =#REF!*#REF! -> #REF! | H88: =#REF!*#REF! -> #REF! | L88: Ngoài phạm vi , không có bảng vẽ singline
A89: =MAX($A$6:$A88)+1 -> 71 | B89: DB-HK-1F | E89: Bộ | F89: 1 | G89: =#REF!*#REF! -> #REF! | H89: =#REF!*#REF! -> #REF! | L89: Ngoài phạm vi , không có bảng vẽ singline
A90: =MAX($A$6:$A89)+1 -> 72 | B90: DB-HK-2F | E90: Bộ | F90: 1 | G90: =#REF!*#REF! -> #REF! | H90: =#REF!*#REF! -> #REF! | L90: Ngoài phạm vi , không có bảng vẽ singline
A91: =MAX($A$6:$A90)+1 -> 73 | B91: Phụ kiện lắp đặt (Giá đở, bulong …) | C91: VN | D91: VN | E91: Bộ | F91: 1 | G91: =#REF!*#REF! -> #REF! | H91: =#REF!*#REF! -> #REF! | I91: =+F91*G91 -> #REF! | J91: =+F91*H91 -> #REF! | K91: =+I91+J91 -> #REF!
A92: III.2 | B92: Cáp nguồn | I92: =+SUBTOTAL(9,I93:I113) -> 0 | J92: =+SUBTOTAL(9,J93:J113) -> 0 | K92: =+SUBTOTAL(9,K93:K113) -> 0
A93: =MAX($A$6:$A91)+1 -> 74 | B93: Cu/PVC 1Cx10mm2 | C93: Cadivi/Taisin/Taya | D93: Taihan/Cadivi/Taya/TĐ | E93: m | F93: 355.5 | I93: =+F93*G93 -> 0 | J93: =+F93*H93 -> 0 | K93: =+I93+J93 -> 0
A94: =MAX($A$6:$A93)+1 -> 75 | B94: Cu/PVC 1Cx120mm2 | C94: Cadivi/Taisin/Taya | D94: Taihan/Cadivi/Taya/TĐ | E94: m | F94: 310.5 | I94: =+F94*G94 -> 0 | J94: =+F94*H94 -> 0 | K94: =+I94+J94 -> 0
A95: =MAX($A$6:$A94)+1 -> 76 | B95: Cu/PVC 1Cx16mm2 | C95: Cadivi/Taisin/Taya | D95: Taihan/Cadivi/Taya/TĐ | E95: m | F95: 162 | I95: =+F95*G95 -> 0 | J95: =+F95*H95 -> 0 | K95: =+I95+J95 -> 0
A96: =MAX($A$6:$A95)+1 -> 77 | B96: Cu/PVC 1Cx35mm2 | C96: Cadivi/Taisin/Taya | D96: Taihan/Cadivi/Taya/TĐ | E96: m | F96: 302.4 | I96: =+F96*G96 -> 0 | J96: =+F96*H96 -> 0 | K96: =+I96+J96 -> 0
A97: =MAX($A$6:$A96)+1 -> 78 | B97: Cu/PVC 1Cx6mm2 | C97: Cadivi/Taisin/Taya | D97: Taihan/Cadivi/Taya/TĐ | E97: m | F97: 63.9 | I97: =+F97*G97 -> 0 | J97: =+F97*H97 -> 0 | K97: =+I97+J97 -> 0
A98: =MAX($A$6:$A97)+1 -> 79 | B98: Cu/PVC 1Cx70mm2 | C98: Cadivi/Taisin/Taya | D98: Taihan/Cadivi/Taya/TĐ | E98: m | F98: 247.5 | I98: =+F98*G98 -> 0 | J98: =+F98*H98 -> 0 | K98: =+I98+J98 -> 0
A99: =MAX($A$6:$A98)+1 -> 80 | B99: Cu/PVC 1Cx95mm2 | C99: Cadivi/Taisin/Taya | D99: Taihan/Cadivi/Taya/TĐ | E99: m | F99: 235.8 | I99: =+F99*G99 -> 0 | J99: =+F99*H99 -> 0 | K99: =+I99+J99 -> 0
A100: =MAX($A$6:$A99)+1 -> 81 | B100: Cu/XLPE/PVC 1Cx120mm2 | C100: Cadivi/Taisin/Taya | D100: Taihan/Cadivi/Taya/TĐ | E100: m | F100: 116.1 | I100: =+F100*G100 -> 0 | J100: =+F100*H100 -> 0 | K100: =+I100+J100 -> 0
A101: =MAX($A$6:$A100)+1 -> 82 | B101: Cu/XLPE/PVC 1Cx150mm2 | C101: Cadivi/Taisin/Taya | D101: Taihan/Cadivi/Taya/TĐ | E101: m | F101: 1064.7 | I101: =+F101*G101 -> 0 | J101: =+F101*H101 -> 0 | K101: =+I101+J101 -> 0
A102: =MAX($A$6:$A101)+1 -> 83 | B102: Cu/XLPE/PVC 1Cx185mm2 | C102: Cadivi/Taisin/Taya | D102: Taihan/Cadivi/Taya/TĐ | E102: m | F102: 819.9 | I102: =+F102*G102 -> 0 | J102: =+F102*H102 -> 0 | K102: =+I102+J102 -> 0
A103: =MAX($A$6:$A102)+1 -> 84 | B103: Cu/XLPE/PVC 1Cx240mm2 | C103: Cadivi/Taisin/Taya | D103: Taihan/Cadivi/Taya/TĐ | E103: m | F103: 1568.7 | I103: =+F103*G103 -> 0 | J103: =+F103*H103 -> 0 | K103: =+I103+J103 -> 0
A104: =MAX($A$6:$A103)+1 -> 85 | B104: Cu/XLPE/PVC 1Cx300mm2 | C104: Cadivi/Taisin/Taya | D104: Taihan/Cadivi/Taya/TĐ | E104: m | F104: 457.2 | I104: =+F104*G104 -> 0 | J104: =+F104*H104 -> 0 | K104: =+I104+J104 -> 0
A105: =MAX($A$6:$A104)+1 -> 86 | B105: Cu/XLPE/PVC 1Cx35mm2 | C105: Cadivi/Taisin/Taya | D105: Taihan/Cadivi/Taya/TĐ | E105: m | F105: 328.5 | I105: =+F105*G105 -> 0 | J105: =+F105*H105 -> 0 | K105: =+I105+J105 -> 0
... A113: =MAX($A$6:$A112)+1 -> 94 | B113: Accessories (Cable gland, ties cable, heat tube, lugs, insulation cover, isulation sealing, tag name, extras support of cable, extension bus bar…) | C113: VN | D113: VN | E113: Lô | F113: 1 | I113: =+F113*G113 -> 0 | J113: =+F113*H113 -> 0 | K113: =+I113+J113 -> 0
...

Sheet Thang hàng
A1: =PCCC!A1 -> BẢNG KHỐI LƯỢNG MỜI THẦU
A2: =PCCC!A2 -> Dự án: Nhà Máy Sản Xuất Công Ty ….
A3: =PCCC!A3 -> Gói thầu: Thi Công Xây Dựng & Hệ Thống Cơ Điện, PCCC
A4: HẠNG MỤC: THANG TẢI HÀNG
A6: STT | B6: DIỄN GIẢI | C6: ĐVT | D6: SL | E6: ĐƠN GIÁ | F6: THÀNH TIỀN | G6: GHI CHÚ
A7: 1 | B7: Thang tải hàng - Loại thang máy: Tải hàng có người đi - Tải trọng thang : 2500 kg - Số tầng phục vụ : 03 stops - Số cửa tầng phục vụ : 03 stops - Tốc độ : 30m/phút - Cửa 4 cánh đóng mở tự động | C7: pcs | D7: 1 | F7: =E7*D7 -> 0
A8: 2 | B8: Thang tải hàng - Loại thang máy: Tải hàng có người đi - Tải trọng thang : 3000 kg - Số tầng phục vụ : 02 stops - Số cửa tầng phục vụ : 02 stops - Tốc độ : 30m/phút - Cửa 4 cánh đóng mở tự động | C8: pcs | D8: 2 | F8: =E8*D8 -> 0
B9: CỘNG TRƯỚC THUẾ | F9: =SUBTOTAL(9,F7:F8) -> 0

Sheet PCCC
A1: =Xưởng!A1 -> BẢNG KHỐI LƯỢNG MỜI THẦU
A2: =Xưởng!A2 -> Dự án: Nhà Máy Sản Xuất Công Ty ….
A3: =Xưởng!A3 -> Gói thầu: Thi Công Xây Dựng & Hệ Thống Cơ Điện, PCCC
A4: HẠNG MỤC: PCCC
A6: STT | B6: DIỄN GIẢI | C6: QUY CÁCH | D6: ĐVT | E6: SL | F6: ĐƠN GIÁ | G6: THÀNH TIỀN | H6: GHI CHÚ
A7: I | B7: HỆ THỐNG CHỮA CHÁY | G7: =SUM(G8:G63) -> 0
A8: 1 | B8: Ống kẽm | C8: D168 x 3.96mm | D8: Mét | E8: 410 | G8: =F8*E8 -> 0 | H8: Hoa sen/ Việt Đức
A9: 2 | B9: Ống kẽm | C9: D140 x 3.96mm | D9: Mét | E9: 1160 | G9: =F9*E9 -> 0 | H9: Hoa sen/ Việt Đức
A10: 3 | B10: Ống kẽm | C10: D114 x 3.2mm | D10: Mét | E10: 40 | G10: =F10*E10 -> 0 | H10: Hoa sen/ Việt Đức
A11: 4 | B11: Ống kẽm | C11: D76 x 2.9mm | D11: Mét | E11: 50 | G11: =F11*E11 -> 0 | H11: Hoa sen/ Việt Đức
A12: 5 | B12: Ống kẽm | C12: D60 x 2.6mm | D12: Mét | E12: 120 | G12: =F12*E12 -> 0 | H12: Hoa sen/ Việt Đức
A13: 6 | B13: Ống kẽm | C13: D49 x 2.6mm | D13: Mét | E13: 1660 | G13: =F13*E13 -> 0 | H13: Hoa sen/ Việt Đức
A14: 7 | B14: Ống kẽm | C14: D42 x 2.6mm | D14: Mét | E14: 2480 | G14: =F14*E14 -> 0 | H14: Hoa sen/ Việt Đức
A15: 8 | B15: Ống kẽm | C15: D27 x 2.3mm | D15: Mét | E15: 420 | G15: =F15*E15 -> 0 | H15: Hoa sen/ Việt Đức
A16: 9 | B16: Tủ dụng cụ phá dỡ | D16: Cái | E16: 1 | G16: =F16*E16 -> 0 | H16: VN
A17: 10 | B17: Họng chờ xe chữa cháy 2 cửa D65 | C17: D114x65 | D17: Cái | E17: 1 | G17: =F17*E17 -> 0 | H17: Tomoken
A18: 11 | B18: Họng chữa cháy 3 cửa | C18: D114x65 | D18: Cái | E18: 2 | G18: =F18*E18 -> 0 | H18: Tomoken
A19: 12 | B19: Van khóa bướm tín hiệu | C19: D140 | D19: Cái | E19: 13 | G19: =F19*E19 -> 0 | H19: Malaysia
A20: 13 | B20: Van khóa | C20: D140 | D20: Cái | E20: 4 | G20: =F20*E20 -> 0 | H20: Korea /VN
A21: 14 | B21: Van khóa | C21: D60 | D21: Cái | E21: 26 | G21: =F21*E21 -> 0 | H21: Korea /VN
A22: 15 | B22: Van khóa | C22: D34 | D22: Cái | E22: 6 | G22: =F22*E22 -> 0 | H22: VN
A23: 16 | B23: Van xả khí | C23: D34 | D23: Cái | E23: 2 | G23: =F23*E23 -> 0 | H23: Korea /VN
A24: 17 | B24: Công tắc dòng chảy | D24: Cái | E24: 3 | G24: =F24*E24 -> 0 | H24: Taiwan
A25: 18 | B25: Tủ chữa cháy | C25: 600*400*200 | D25: Cái | E25: 4 | G25: =F25*E25 -> 0 | H25: VN
A26: 19 | B26: Vòi chữa cháy | C26: D50x20m | D26: Cái | E26: 40 | G26: =F26*E26 -> 0 | H26: Tomoken
A27: 20 | B27: Lăng phun | C27: D50 | D27: Cái | E27: 40 | G27: =F27*E27 -> 0
A28: 21 | B28: Van góc | C28: D50 | D28: Cái | E28: 40 | G28: =F28*E28 -> 0 | H28: Tomoken
A29: 22 | B29: Tủ chữa cháy | C29: 800*800*200 | D29: Cái | E29: 18 | G29: =F29*E29 -> 0 | H29: VN
A30: 23 | B30: Vòi chữa cháy | C30: D65x20m | D30: Cái | E30: 4 | G30: =F30*E30 -> 0 | H30: Tomoken
A31: 24 | B31: Lăng phun | C31: D19mm | D31: Cái | E31: 4 | G31: =F31*E31 -> 0
A32: 25 | B32: Van giảm áp | C32: D50 | D32: Cái | E32: 22 | G32: =F32*E32 -> 0 | H32: Tomoken
A33: 26 | B33: Đầu phun sprinkler | C33: 68 độ, k=8.0 | D33: Cái | E33: 1484 | G33: =F33*E33 -> 0 | H33: China
A34: 27 | B34: Ống mền + chụp | C34: D20 | D34: Cái | E34: 105 | G34: =F34*E34 -> 0 | H34: Korea
A35: 28 | B35: Ty, cùm treo ống | D35: Lô | E35: 1 | G35: =F35*E35 -> 0 | H35: VN
A36: 29 | B36: Phụ kiện đường ống | D36: Lô | E36: 1 | G36: =F36*E36 -> 0 | H36: VN
A37: 30 | B37: Máy bơm Diesel + Đầu bơm : Đầu bơm VN + Động cơ : Trung Quốc + Đầy đủ phụ kiện: Bồn dầu, bình ắc qui, hệ thống làm mát và bảng điều khiển. | C37: Q =125l/S, H = 66m | D37: Cái | E37: 1 | G37: =F37*E37 -> 0 | H37: Windy - VN
A38: 31 | B38: Máy bơm điện + Đầu bơm : Đầu bơm VN + Động cơ : Trung Quốc +Bơm, động cơ rời trục, ráp tại Việt Nam và căn chỉnh trên bệ thép hình. | C38: Q =125l/S, H = 66m | D38: Cái | E38: 1 | G38: =F38*E38 -> 0 | H38: Windy - VN
A39: 32 | B39: Máy bơm điện bù áp - Động cơ điện: 5.5Kw | C39: Q = 1.5L/S, H = 76m; | D39: Cái | E39: 1 | G39: =F39*E39 -> 0 | H39: Windy - VN
A40: 33 | B40: Tủ điện | D40: Cái | E40: 1 | G40: =F40*E40 -> 0 | H40: VN
A41: 34 | B41: Cáp điện nguồn máy bơm | D41: Lô | E41: 1 | G41: =F41*E41 -> 0 | H41: VN
A42: 35 | B42: Van 1 chiều | C42: D140 | D42: Cái | E42: 2 | G42: =F42*E42 -> 0 | H42: Korea /VN
A43: 36 | B43: Van 1 chiều | C43: D60 | D43: Cái | E43: 1 | G43: =F43*E43 -> 0 | H43: Korea /VN
A44: 37 | B44: Van khóa | C44: D140 | D44: Cái | E44: 2 | G44: =F44*E44 -> 0 | H44: Korea /VN
A45: 38 | B45: Lupe | C45: D140 | D45: Cái | E45: 2 | G45: =F45*E45 -> 0 | H45: Korea /VN
A46: 39 | B46: Lupe | C46: D60 | D46: Cái | E46: 1 | G46: =F46*E46 -> 0 | H46: Korea /VN
A47: 40 | B47: Chống rung | C47: D140 | D47: Cái | E47: 2 | G47: =F47*E47 -> 0 | H47: Korea /VN
A48: 41 | B48: Chống rung | C48: D60 | D48: Cái | E48: 1 | G48: =F48*E48 -> 0 | H48: Korea /VN
A49: 42 | B49: Y lọc | C49: D140 | D49: Cái | E49: 2 | G49: =F49*E49 -> 0 | H49: Korea /VN
A50: 43 | B50: Y lọc | C50: D60 | D50: Cái | E50: 1 | G50: =F50*E50 -> 0 | H50: Korea /VN
A51: 44 | B51: Đồng hồ áp lực | C51: D34 | D51: Cái | E51: 2 | G51: =F51*E51 -> 0 | H51: Korea
A52: 45 | B52: Công tắc áp lực | D52: Cái | E52: 2 | G52: =F52*E52 -> 0 | H52: Taiwan
A53: 46 | B53: Van an toàn | C53: D60 | D53: Cái | E53: 1 | G53: =F53*E53 -> 0 | H53: Malaysia//VN
A54: 47 | B54: Van báo động | C54: D140 | D54: Cái | E54: 4 | G54: =F54*E54 -> 0 | H54: Malaysia//VN
A55: 48 | B55: Bình tích áp | C55: 100L | D55: Cái | E55: 1 | G55: =F55*E55 -> 0 | H55: Turkey
A56: 49 | B56: Bảng trạm bơm | D56: Cái | E56: 1 | G56: =F56*E56 -> 0 | H56: VN
A57: 50 | B57: Dây điện nguồn thiết bị ngoại vi | C57: FR 2x1.0mm2 | D57: M | E57: 1200 | G57: =F57*E57 -> 0 | H57: Imatek /tđ
A58: 51 | B58: Ống PVC D20 | C58: D20 | D58: M | E58: 1200 | G58: =F58*E58 -> 0 | H58: VN
A59: 52 | B59: Que hàn | D59: Lô | E59: 1 | G59: =F59*E59 -> 0 | H59: VN
A60: 53 | B60: Sơn đỏ | D60: Lô | E60: 1 | G60: =F60*E60 -> 0 | H60: VN
A61: 54 | B61: Vận chuyển | D61: Lô | E61: 1 | G61: =F61*E61 -> 0 | H61: VN
A62: 55 | B62: Vật tư phụ | D62: Lô | E62: 1 | G62: =F62*E62 -> 0 | H62: VN
A63: 56 | B63: Nhân công | D63: Lô | E63: 1 | G63: =F63*E63 -> 0
A64: III | B64: HỆ THỐNG BÁO CHÁY TỰ ĐỘNG | G64: =SUM(G65:G82) -> 0
A65: 1 | B65: Trung tâm báo cháy 2 Loops | C65: 24V | D65: Bộ | E65: 1 | G65: =F65*E65 -> 0 | H65: Horing - Taiwan
A66: 2 | B66: Bộ nguồn phụ | C66: 24V | D66: Bộ | E66: 2 | G66: =F66*E66 -> 0 | H66: Horing - Taiwan
A67: 3 | B67: Đầu dò nhiệt loại thường | C67: 24V | D67: Cái | E67: 28 | G67: =F67*E67 -> 0 | H67: Horing - Taiwan
A68: 4 | B68: Đầu dò khói loại thường | C68: 24V | D68: Cái | E68: 302 | G68: =F68*E68 -> 0 | H68: Horing - Taiwan
A69: 5 | B69: Đầu dò khói beam kiếng | C69: 24V | D69: Cái | E69: 14 | G69: =F69*E69 -> 0 | H69: Horing - Taiwan
A70: 6 | B70: Khần loại thường | C70: 24V | D70: Cái | E70: 22 | G70: =F70*E70 -> 0 | H70: Horing - Taiwan
A71: 7 | B71: Đèn chớp và chuông | C71: 24V | D71: Cái | E71: 32 | G71: =F71*E71 -> 0 | H71: Horing - Taiwan
A72: 8 | B72: Đèn chỉ thị báo cháy | C72: 24V | D72: Cái | E72: 20 | G72: =F72*E72 -> 0 | H72: Horing - Taiwan
A73: 9 | B73: Mudule cách ly | C73: 24V | D73: Cái | E73: 2 | G73: =F73*E73 -> 0 | H73: Horing - Taiwan
A74: 10 | B74: Mudule giám sát đầu báo thường | C74: 24V | D74: Cái | E74: 37 | G74: =F74*E74 -> 0 | H74: Horing - Taiwan
A75: 11 | B75: Mudule chuông | C75: 24V | D75: Cái | E75: 10 | G75: =F75*E75 -> 0 | H75: Horing - Taiwan
A76: 12 | B76: Mudule giám sát | C76: 24V | D76: Cái | E76: 13 | G76: =F76*E76 -> 0 | H76: Horing - Taiwan
... A80: 16 | B80: Ống luồn dây | C80: D20 | D80: M | E80: 4000 | G80: =F80*E80 -> 0 | H80: VN
A81: 17 | B81: Vật tư phụ | D81: Lô | E81: 1 | G81: =F81*E81 -> 0 | H81: VN
A82: 18 | B82: Nhân công lắp đặt + vận hành | D82: Lô | E82: 1 | G82: =F82*E82 -> 0 | H82: VN
A83: IV | B83: HỆ THỐNG ĐÈN EXIT, CHIẾU SÁNG SỰ CỐ | G83: =SUM(G84:G95) -> 0
A84: 1 | B84: Bình chữa cháy bột abc - 8kg | C84: 8kg | D84: Cái | E84: 180 | G84: =F84*E84 -> 0 | H84: Tomoken
A85: 2 | B85: Kệ bình chữa cháy | D85: Cái | E85: 90 | G85: =F85*E85 -> 0 | H85: Tomoken
A86: 3 | B86: Nội quy + tiêu lệnh | D86: Cái | E86: 25 | G86: =F86*E86 -> 0 | H86: VN
A87: 4 | B87: Đèn chiếu sáng sự cố | D87: Cái | E87: 69 | G87: =F87*E87 -> 0 | H87: Kentom - VN
A88: 5 | B88: Đèn chiếu Exit | D88: Cái | E88: 50 | G88: =F88*E88 -> 0 | H88: Kentom - VN
A89: 6 | B89: Sơ đồ thoát nạn | D89: Cái | E89: 9 | G89: =F89*E89 -> 0 | H89: VN
A90: 7 | B90: Dây điện nguồn | C90: 2x1.5mm2 | D90: M | E90: 800 | G90: =F90*E90 -> 0 | H90: Cadivi
A91: 8 | B91: Ống luồn dây | C91: D16 | D91: M | E91: 800 | G91: =F91*E91 -> 0 | H91: VN
A92: 9 | B92: CB nguồn | D92: Cái | E92: 8 | G92: =F92*E92 -> 0 | H92: VN
A93: 10 | B93: Ổ cắm | D93: Cái | E93: 70 | G93: =F93*E93 -> 0 | H93: VN
A94: 11 | B94: Vật tư phụ | D94: Lô | E94: 1 | G94: =F94*E94 -> 0 | H94: VN
A95: 12 | B95: Nhân công lắp đặt + vận hành | D95: Lô | E95: 1 | G95: =F95*E95 -> 0 | H95: VN
A96: V | B96: HỆ THỐNG HÚT KHÓI | G96: =SUM(G97:G123) -> 0
A97: 1 | B97: Quạt gắn mái hút khói 30000m3h, 250pa | C97: Động cơ chịu nhiệt 2,2kw | D97: cái | E97: 8 | G97: =F97*E97 -> 0 | H97: System Fan - VN
A98: 2 | B98: Quạt hướng trục hút khói 53000m3h, 600pa | C98: Động cơ chịu nhiệt 15kw | D98: cái | E98: 4 | G98: =F98*E98 -> 0 | H98: System Fan - VN
A99: 3 | B99: Lò xo chống rung | D99: bộ | E99: 4 | G99: =F99*E99 -> 0 | H99: VN
A100: 4 | B100: Khớp mềm chống cháy | D100: cái | E100: 8 | G100: =F100*E100 -> 0 | H100: VN
A101: 5 | B101: Hộp quạt chống cháy | C101: Hôp dạng 6 mảnh ghép | D101: cái | E101: 4 | G101: =F101*E101 -> 0 | H101: VN
A102: 6 | B102: Louver thải 1500x1000 + LCCT | D102: cái | E102: 4 | G102: =F102*E102 -> 0 | H102: VN
A103: 7 | B103: Vuông tròn quạt 1500x1000/Dq L800 EI30 | C103: Tole HS 0,75mm + TCCC 9,5mm (EI45) | D103: cái | E103: 4 | G103: =F103*E103 -> 0 | H103: VN
A104: 8 | B104: Vuông tròn quạt 1000x500/Dq L600 EI30 | C104: Tole HS 0,75mm + TCCC 9,5mm (EI45) | D104: cái | E104: 3 | G104: =F104*E104 -> 0 | H104: VN
...
